t_s	status	BIG	BIG_MID	MID	LITTLE	skin	soc	cap_cpu2	cap_cpu7	cd_big	cd_cpu2	cd_cpu0	mem_avail_kb
0	0	41.000004	40.0	41.000004	42.000004	35.847347	38.949	3052000	3782000	5471000	1853000	999000	7558268
5	0	41.000004	41.000004	40.0	41.000004	35.7933	38.7	3052000	3782000	5471000	1853000	999000	7491772
10	0	43.000004	42.000004	49.000004	45.000004	35.821243	38.912003	3052000	3782000	5471000	1853000	999000	7308740
16	0	44.000004	43.000004	44.000004	45.000004	35.84807	39.162003	3052000	3782000	5471000	1853000	999000	7195704
21	0	48.000004	47.000004	50.000004	48.000004	35.888924	39.809002	3052000	3782000	5471000	1853000	999000	7015224
26	0	50.000004	47.000004	47.000004	47.000004	35.81832	41.243004	3052000	3782000	5471000	1853000	999000	7010320
31	0	50.000004	48.000004	48.000004	48.000004	35.770443	42.158	3052000	3782000	5471000	1853000	999000	6995116
37	0	67.0	54.000004	51.000004	51.000004	35.804806	42.842003	3052000	3782000	5471000	1853000	999000	6983740
42	0	64.0	54.000004	53.000004	52.000004	35.865368	43.328003	3052000	3782000	5471000	1853000	999000	6331440
47	0	64.0	54.000004	53.000004	53.000004	35.853916	43.963	3052000	3782000	5471000	1853000	999000	5578468
53	0	65.0	55.000004	54.000004	54.000004	35.980118	44.319	3052000	3782000	5471000	1853000	999000	4943976
58	0	62.000004	57.000004	55.000004	54.000004	36.05584	44.783	3052000	3782000	5471000	1853000	999000	4482844
63	0	63.000004	61.000004	61.000004	55.000004	36.345932	44.866	3052000	3782000	5471000	1853000	999000	3926112
68	0	58.000004	55.000004	57.000004	53.000004	36.58118	44.95	3052000	3782000	5471000	1853000	999000	3603356
73	0	60.000004	59.000004	59.000004	54.000004	36.744354	44.872	3052000	3782000	5471000	1853000	999000	3307104
79	0	72.0	58.000004	56.000004	55.000004	36.912674	44.966003	3052000	3782000	5471000	1853000	999000	2909344
84	0	58.000004	58.000004	57.000004	55.000004	37.074265	45.382004	3052000	3782000	5471000	1853000	999000	2522532
89	0	69.0	59.000004	57.000004	56.000004	37.224995	45.81	3052000	3782000	5471000	1853000	999000	1982628
95	0	73.0	61.000004	59.000004	58.000004	37.323814	46.750004	3052000	3782000	5471000	1853000	999000	1366856
100	0	84.00001	88.00001	90.00001	77.0	37.36276	49.329002	3052000	3782000	5471000	1853000	999000	2076356
105	0	84.00001	87.00001	90.00001	80.0	37.51305	52.519	3052000	3398000	3798000	1853000	999000	2780832
111	0	85.00001	84.00001	90.00001	78.0	37.76908	54.741	3052000	3168000	3424000	1853000	999000	3191864
116	0	85.00001	84.00001	90.00001	77.0	37.98241	56.127003	2937000	3168000	3277000	1561000	867000	3169560
121	0	84.00001	84.00001	89.00001	77.0	38.53757	57.006004	2841000	2937000	2770000	1345000	609000	3169352
127	0	82.00001	82.00001	87.00001	76.0	39.160233	57.545002	2688000	2707000	2396000	1198000	609000	3154964
132	1	82.00001	81.00001	86.00001	75.0	39.45888	57.636	2534000	2707000	2303000	963000	489000	3145652
137	1	79.0	78.0	82.00001	74.0	39.919064	57.429	2534000	2707000	2303000	963000	489000	3071680
143	1	81.00001	78.0	80.0	70.0	40.195175	57.028004	2400000	2592000	2008000	833000	403000	3051032
148	1	74.0	72.0	75.0	68.0	40.64469	56.210003	2284000	2457000	1816000	740000	369000	3048848
154	1	70.0	70.0	73.0	67.0	40.78024	55.565002	2188000	2342000	1655000	647000	318000	3159796
159	1	68.0	67.0	70.0	65.0	40.86157	54.336002	2188000	2342000	1655000	647000	318000	3140656
164	1	66.0	65.0	68.0	63.000004	40.9182	53.568	2092000	2208000	1462000	585000	318000	3161780
170	1	63.000004	63.000004	65.0	62.000004	40.93174	52.292004	1939000	2208000	1462000	535000	318000	3162556
175	1	62.000004	62.000004	64.0	60.000004	40.912117	51.291004	1862000	2208000	1462000	480000	369000	3169728
181	1	61.000004	61.000004	63.000004	60.000004	40.801865	50.512	1862000	2208000	1462000	480000	369000	3159448
186	1	61.000004	61.000004	63.000004	59.000004	40.696026	49.906002	1785000	2208000	1462000	388000	403000	3134420
192	1	61.000004	60.000004	62.000004	59.000004	40.54162	49.608	1785000	2208000	1462000	388000	403000	3132368
197	1	61.000004	60.000004	62.000004	59.000004	40.41548	49.308002	1785000	2208000	1462000	388000	489000	3215964
202	1	60.000004	60.000004	62.000004	59.000004	40.360645	49.135002	1785000	2208000	1462000	388000	489000	3209360
208	1	60.000004	60.000004	62.000004	58.000004	40.307003	48.983	1785000	2208000	1462000	388000	489000	3181192
213	1	60.000004	60.000004	62.000004	58.000004	40.27482	48.873	1785000	2208000	1462000	388000	609000	3183480
219	1	60.000004	60.000004	62.000004	58.000004	40.144993	48.758003	1785000	2208000	1462000	388000	609000	3176816
224	1	60.000004	60.000004	62.000004	58.000004	40.052105	48.685	1785000	2208000	1462000	388000	609000	3158440
230	1	60.000004	59.000004	61.000004	58.000004	40.0139	48.643	1785000	2208000	1462000	388000	609000	3158844
235	1	59.000004	60.000004	61.000004	59.000004	39.98455	48.603	1785000	2208000	1462000	388000	609000	3172636
241	1	60.000004	59.000004	61.000004	58.000004	39.99729	48.619003	1785000	2208000	1462000	388000	609000	3203036
246	1	60.000004	59.000004	62.000004	58.000004	40.015865	48.585003	1785000	2208000	1462000	388000	867000	3201304
252	1	60.000004	60.000004	61.000004	58.000004	40.018997	48.54	1785000	2208000	1462000	388000	867000	3202836
257	1	60.000004	60.000004	61.000004	58.000004	40.019703	48.499	1785000	2208000	1462000	388000	867000	3191432
262	1	60.000004	59.000004	61.000004	58.000004	40.001663	48.465004	1785000	2208000	1462000	388000	867000	3186044
268	1	60.000004	59.000004	61.000004	58.000004	39.98434	48.452003	1785000	2208000	1462000	388000	999000	3176776
273	1	59.000004	60.000004	61.000004	58.000004	39.98703	48.452003	1785000	2208000	1462000	388000	999000	3196840
279	1	60.000004	59.000004	61.000004	58.000004	39.988644	48.433002	1785000	2208000	1462000	388000	999000	3191608
284	1	60.000004	60.000004	61.000004	58.000004	39.98566	48.426003	1785000	2208000	1462000	388000	999000	3189064
290	1	62.000004	61.000004	62.000004	58.000004	39.98116	48.445004	1785000	2208000	1462000	388000	999000	3209320
295	1	60.000004	60.000004	62.000004	59.000004	39.97748	48.456	1785000	2208000	1462000	388000	999000	3209560
300	1	59.000004	60.000004	61.000004	58.000004	39.99488	48.460003	1785000	2208000	1462000	388000	999000	3208536
306	1	60.000004	60.000004	62.000004	59.000004	40.01159	48.473003	1785000	2208000	1462000	388000	999000	3207384
311	1	60.000004	60.000004	62.000004	59.000004	40.02058	48.488003	1785000	2208000	1462000	388000	999000	3214656
316	1	60.000004	60.000004	62.000004	59.000004	40.023727	48.496002	1785000	2208000	1462000	388000	999000	3212048
322	1	60.000004	60.000004	61.000004	59.000004	40.024403	48.496002	1785000	2208000	1462000	388000	999000	3212388
327	1	59.000004	60.000004	61.000004	58.000004	40.043762	48.498	1785000	2208000	1462000	388000	999000	3210512
332	1	61.000004	60.000004	62.000004	59.000004	40.05538	48.502003	1785000	2208000	1462000	388000	999000	3202872
338	1	60.000004	59.000004	61.000004	58.000004	40.073376	48.543003	1785000	2208000	1462000	388000	999000	3193608
343	1	60.000004	60.000004	62.000004	58.000004	40.091995	48.585003	1785000	2208000	1462000	388000	999000	3196848
349	1	60.000004	60.000004	61.000004	58.000004	40.100735	48.613003	1785000	2208000	1462000	388000	999000	3193536
354	1	60.000004	60.000004	61.000004	58.000004	40.115673	48.625004	1785000	2208000	1462000	388000	999000	3165288
360	1	60.000004	60.000004	61.000004	58.000004	40.130016	48.709003	1785000	2208000	1462000	388000	999000	3151504
365	1	60.000004	59.000004	61.000004	58.000004	40.163837	48.713	1785000	2208000	1462000	388000	999000	3186716
371	1	60.000004	60.000004	61.000004	58.000004	40.180134	48.698	1785000	2208000	1462000	388000	999000	3194816
376	1	54.000004	51.000004	52.000004	52.000004	40.195778	48.469	1785000	2208000	1462000	388000	999000	3198232
381	1	51.000004	49.000004	50.000004	51.000004	40.22087	47.293003	1862000	2208000	1462000	480000	999000	5771016
387	1	48.000004	47.000004	47.000004	48.000004	40.226517	46.209003	1939000	2342000	1655000	535000	999000	7552880
392	1	46.000004	45.000004	45.000004	46.000004	40.21821	45.083004	1939000	2342000	1655000	535000	999000	7546472
397	1	45.000004	44.000004	45.000004	46.000004	40.164352	43.998	2092000	2457000	1816000	585000	999000	7558148
403	1	45.000004	43.000004	44.000004	45.000004	40.13204	43.465004	2188000	2592000	2008000	647000	999000	7556708
408	1	44.000004	43.000004	45.000004	45.000004	40.1117	42.913002	2284000	2707000	2303000	740000	999000	7533140
413	1	44.000004	43.000004	44.000004	44.000004	40.100338	42.325	2284000	2707000	2303000	740000	999000	7536700
418	1	44.000004	43.000004	43.000004	44.000004	40.093864	41.962	2400000	2707000	2396000	833000	999000	7535388
424	1	44.000004	43.000004	43.000004	44.000004	39.95195	41.693	2534000	2937000	2770000	963000	999000	7517336
429	1	43.000004	42.000004	43.000004	44.000004	39.815712	41.463	2688000	3168000	3277000	1198000	999000	7509456
434	1	43.000004	42.000004	43.000004	44.000004	39.677376	41.309002	2841000	3168000	3424000	1345000	999000	7557820
440	1	43.000004	42.000004	43.000004	43.000004	39.59437	41.115	2841000	3168000	3424000	1345000	999000	7559332
445	1	43.000004	42.000004	43.000004	43.000004	39.490356	40.996002	2937000	3398000	3798000	1561000	999000	7567188
450	1	43.000004	41.000004	42.000004	43.000004	39.31037	40.843002	3052000	3398000	3798000	1853000	999000	7563020
455	1	43.000004	42.000004	43.000004	43.000004	39.24558	40.730003	3052000	3398000	3798000	1853000	999000	7544880
461	1	43.000004	41.000004	42.000004	43.000004	39.16644	40.628002	3052000	3398000	3798000	1853000	999000	7537912
466	1	43.000004	41.000004	42.000004	43.000004	39.031933	40.523003	3052000	3782000	5471000	1853000	999000	7511832
471	1	43.000004	41.000004	42.000004	43.000004	38.955856	40.408	3052000	3782000	5471000	1853000	999000	7585076
477	1	42.000004	41.000004	42.000004	43.000004	38.92837	40.388	3052000	3782000	5471000	1853000	999000	7528800
482	1	42.000004	41.000004	42.000004	43.000004	38.85756	40.280003	3052000	3782000	5471000	1853000	999000	7518488
488	1	42.000004	42.000004	42.000004	42.000004	38.81507	40.159	3052000	3782000	5471000	1853000	999000	7524468
493	1	43.000004	41.000004	42.000004	42.000004	38.691116	40.048	3052000	3782000	5471000	1853000	999000	7518988
498	1	42.000004	41.000004	41.000004	42.000004	38.65721	39.993	3052000	3782000	5471000	1853000	999000	7499876
503	1	42.000004	41.000004	42.000004	42.000004	38.63687	39.915	3052000	3782000	5471000	1853000	999000	7494596
509	1	42.000004	41.000004	41.000004	42.000004	38.62554	39.816	3052000	3782000	5471000	1853000	999000	7491884
514	1	42.000004	41.000004	41.000004	42.000004	38.5924	39.733	3052000	3782000	5471000	1853000	999000	7534956
519	1	42.000004	41.000004	41.000004	42.000004	38.574043	39.658	3052000	3782000	5471000	1853000	999000	7590164
525	1	42.000004	42.000004	41.000004	42.000004	38.483208	39.616	3052000	3782000	5471000	1853000	999000	7583928
530	1	42.000004	40.0	41.000004	42.000004	38.427147	39.593002	3052000	3782000	5471000	1853000	999000	7577216
535	1	42.000004	40.0	41.000004	42.000004	38.39295	39.518	3052000	3782000	5471000	1853000	999000	7579792
541	1	42.000004	40.0	41.000004	42.000004	38.372887	39.458	3052000	3782000	5471000	1853000	999000	7574168
546	1	42.000004	40.0	41.000004	42.000004	38.353634	39.403004	3052000	3782000	5471000	1853000	999000	7554156
551	1	42.000004	40.0	41.000004	42.000004	38.292454	39.352	3052000	3782000	5471000	1853000	999000	7547988
557	1	42.000004	40.0	41.000004	42.000004	38.233723	39.319	3052000	3782000	5471000	1853000	999000	7522396
562	1	41.000004	40.0	41.000004	42.000004	38.196743	39.280003	3052000	3782000	5471000	1853000	999000	7527420
567	1	41.000004	40.0	41.000004	42.000004	38.161243	39.195004	3052000	3782000	5471000	1853000	999000	7586232
573	1	42.000004	40.0	41.000004	42.000004	38.114876	39.136	3052000	3782000	5471000	1853000	999000	7578396
578	1	41.000004	41.000004	41.000004	42.000004	38.070366	39.118	3052000	3782000	5471000	1853000	999000	7585244
583	1	42.000004	40.0	41.000004	41.000004	38.002155	39.066	3052000	3782000	5471000	1853000	999000	7581276
589	1	41.000004	40.0	41.000004	42.000004	37.961937	39.052002	3052000	3782000	5471000	1853000	999000	7551528
594	1	42.000004	40.0	41.000004	41.000004	37.94701	38.999	3052000	3782000	5471000	1853000	999000	7552192
599	1	41.000004	40.0	41.000004	42.000004	37.888966	38.939003	3052000	3782000	5471000	1853000	999000	7539632
605	1	41.000004	40.0	41.000004	42.000004	37.893288	38.929	3052000	3782000	5471000	1853000	999000	7583408
610	1	41.000004	40.0	41.000004	41.000004	37.897434	38.942	3052000	3782000	5471000	1853000	999000	7585992
615	1	41.000004	40.0	40.0	41.000004	37.869713	38.902	3052000	3782000	5471000	1853000	999000	7578580
621	1	41.000004	41.000004	40.0	41.000004	37.810673	38.799004	3052000	3782000	5471000	1853000	999000	7575036
626	1	41.000004	40.0	40.0	41.000004	37.769962	38.749	3052000	3782000	5471000	1853000	999000	7553756
631	1	41.000004	41.000004	40.0	41.000004	37.724934	38.730003	3052000	3782000	5471000	1853000	999000	7541392
637	1	41.000004	39.0	40.0	41.000004	37.68171	38.68	3052000	3782000	5471000	1853000	999000	7547084
642	1	41.000004	39.0	40.0	41.000004	37.646618	38.635002	3052000	3782000	5471000	1853000	999000	7578840
647	1	41.000004	40.0	40.0	41.000004	37.61293	38.618	3052000	3782000	5471000	1853000	999000	7551804
652	1	41.000004	41.000004	40.0	41.000004	37.598705	38.605003	3052000	3782000	5471000	1853000	999000	7535988
658	1	41.000004	39.0	40.0	41.000004	37.547367	38.563004	3052000	3782000	5471000	1853000	999000	7526808
663	1	41.000004	39.0	40.0	41.000004	37.516563	38.516003	3052000	3782000	5471000	1853000	999000	7529472
668	1	41.000004	39.0	40.0	41.000004	37.47434	38.523003	3052000	3782000	5471000	1853000	999000	7589856
674	1	41.000004	39.0	40.0	41.000004	37.424683	38.475002	3052000	3782000	5471000	1853000	999000	7591396
679	1	40.0	39.0	40.0	41.000004	37.43541	38.425003	3052000	3782000	5471000	1853000	999000	7591252
684	1	41.000004	40.0	40.0	41.000004	37.39115	38.378002	3052000	3782000	5471000	1853000	999000	7561988
690	1	40.0	39.0	40.0	41.000004	37.348663	38.359	3052000	3782000	5471000	1853000	999000	7544332
695	1	40.0	39.0	40.0	41.000004	37.325436	38.333	3052000	3782000	5471000	1853000	999000	7555120
700	1	40.0	39.0	40.0	41.000004	37.3115	38.259003	3052000	3782000	5471000	1853000	999000	7540336
706	1	40.0	39.0	40.0	41.000004	37.278538	38.235	3052000	3782000	5471000	1853000	999000	7568564
711	1	40.0	39.0	40.0	41.000004	37.232903	38.245003	3052000	3782000	5471000	1853000	999000	7548232
716	1	40.0	39.0	40.0	41.000004	37.196217	38.218002	3052000	3782000	5471000	1853000	999000	7593288
722	1	40.0	39.0	40.0	41.000004	37.173378	38.189003	3052000	3782000	5471000	1853000	999000	7598184
727	1	40.0	39.0	41.000004	41.000004	37.151447	38.182003	3052000	3782000	5471000	1853000	999000	7569164
732	1	40.0	39.0	40.0	40.0	37.130695	38.169003	3052000	3782000	5471000	1853000	999000	7561696
738	1	40.0	39.0	40.0	40.0	37.105488	38.13	3052000	3782000	5471000	1853000	999000	7560660
743	1	40.0	39.0	40.0	40.0	37.09036	38.070004	3052000	3782000	5471000	1853000	999000	7553572
748	0	41.000004	39.0	40.0	41.000004	37.009247	38.143	3052000	3782000	5471000	1853000	999000	7497004
753	0	40.0	39.0	40.0	41.000004	36.952503	38.145	3052000	3782000	5471000	1853000	999000	7485108
759	0	53.000004	51.000004	52.000004	45.000004	36.93973	38.309002	3052000	3782000	5471000	1853000	999000	7465044
764	0	43.000004	42.000004	43.000004	45.000004	36.939304	39.012	3052000	3782000	5471000	1853000	999000	7414696
769	0	44.000004	43.000004	44.000004	45.000004	36.872692	39.453003	3052000	3782000	5471000	1853000	999000	7270232
774	0	50.000004	47.000004	47.000004	48.000004	36.808743	40.47	3052000	3782000	5471000	1853000	999000	7079064
780	0	49.000004	47.000004	47.000004	47.000004	36.61818	41.663002	3052000	3782000	5471000	1853000	999000	7054460
785	0	52.000004	48.000004	48.000004	48.000004	36.503838	42.45	3052000	3782000	5471000	1853000	999000	7088112
790	0	62.000004	53.000004	52.000004	52.000004	36.443058	43.222004	3052000	3782000	5471000	1853000	999000	6863692
796	0	65.0	56.000004	54.000004	53.000004	36.423843	43.840004	3052000	3782000	5471000	1853000	999000	6172796
801	0	64.0	55.000004	54.000004	54.000004	36.490974	44.446003	3052000	3782000	5471000	1853000	999000	5443152
806	0	66.0	56.000004	54.000004	54.000004	36.55542	44.888	3052000	3782000	5471000	1853000	999000	4823616
812	0	62.000004	58.000004	59.000004	55.000004	36.72628	45.179	3052000	3782000	5471000	1853000	999000	4266784
817	0	60.000004	56.000004	56.000004	53.000004	36.890305	45.390003	3052000	3782000	5471000	1853000	999000	3806528
822	0	59.000004	56.000004	56.000004	53.000004	37.076653	45.345	3052000	3782000	5471000	1853000	999000	3494580
827	0	60.000004	58.000004	58.000004	54.000004	37.25555	45.350002	3052000	3782000	5471000	1853000	999000	3145088
833	0	72.0	59.000004	56.000004	55.000004	37.458965	45.395	3052000	3782000	5471000	1853000	999000	2887916
838	0	61.000004	55.000004	55.000004	54.000004	37.654247	45.79	3052000	3398000	3798000	1853000	999000	2491520
843	0	68.0	57.000004	55.000004	55.000004	37.80097	45.795002	3052000	3782000	5471000	1853000	999000	1965916
849	0	71.0	60.000004	59.000004	57.000004	37.888996	46.529003	3052000	3782000	5471000	1853000	999000	1422604
854	0	81.00001	83.00001	87.00001	76.0	38.035854	48.56	3052000	3398000	3798000	1853000	999000	2181308
859	0	83.00001	78.0	90.00001	75.0	38.16172	51.927002	3052000	3168000	3424000	1853000	999000	2951948
865	0	85.00001	80.0	92.00001	76.0	38.217415	53.665	2937000	3168000	3277000	1561000	867000	3143440
870	0	81.00001	77.0	88.00001	75.0	38.551617	55.334003	2841000	2937000	2770000	1345000	609000	3143600
875	0	78.0	75.0	84.00001	73.0	38.840366	55.906002	2688000	2707000	2396000	1198000	609000	3177616
881	1	76.0	74.0	81.00001	72.0	39.479183	55.893	2534000	2707000	2303000	963000	489000	3147392
886	1	76.0	72.0	81.00001	71.0	39.994408	55.768	2534000	2707000	2303000	963000	489000	3124196
891	1	72.0	69.0	75.0	68.0	40.217304	55.361004	2400000	2592000	2008000	833000	403000	3125496
897	1	73.0	71.0	74.0	66.0	40.65089	54.615	2284000	2457000	1816000	740000	369000	3101240
902	1	68.0	66.0	69.0	64.0	40.853966	53.856003	2188000	2342000	1655000	647000	403000	3108800
907	1	66.0	65.0	67.0	63.000004	40.917274	53.093002	2188000	2342000	1655000	647000	403000	3219536
913	1	64.0	63.000004	65.0	61.000004	40.943462	52.294003	2092000	2208000	1462000	585000	403000	3220308
918	1	61.000004	61.000004	63.000004	59.000004	40.91196	51.163002	1939000	2208000	1462000	535000	403000	3189816
923	1	60.000004	60.000004	62.000004	59.000004	40.86663	50.279003	1862000	2208000	1462000	480000	489000	3184236
929	1	60.000004	60.000004	62.000004	58.000004	40.77985	49.755	1862000	2208000	1462000	480000	489000	3186380
934	1	59.000004	59.000004	61.000004	58.000004	40.727783	49.196003	1785000	2208000	1462000	388000	489000	3168020
939	1	59.000004	58.000004	60.000004	57.000004	40.562313	48.828003	1785000	2208000	1462000	388000	609000	3159564
944	1	58.000004	58.000004	60.000004	57.000004	40.418762	48.593002	1785000	2208000	1462000	388000	609000	3189164
950	1	59.000004	58.000004	60.000004	57.000004	40.35497	48.429	1785000	2208000	1462000	388000	609000	3189360
955	1	59.000004	58.000004	59.000004	57.000004	40.26741	48.292004	1785000	2208000	1462000	388000	609000	3161980
960	1	59.000004	58.000004	60.000004	57.000004	40.183357	48.186	1862000	2208000	1462000	480000	867000	3152712
966	1	59.000004	58.000004	60.000004	56.000004	40.129044	48.119003	1785000	2208000	1462000	388000	867000	3126428
971	1	59.000004	58.000004	58.000004	56.000004	40.093945	48.070004	1785000	2208000	1462000	388000	867000	3126048
976	1	60.000004	59.000004	59.000004	56.000004	40.06025	48.000004	1785000	2208000	1462000	388000	999000	3162704
982	1	58.000004	58.000004	59.000004	56.000004	40.032036	47.95	1862000	2208000	1462000	480000	999000	3164952
987	1	59.000004	58.000004	59.000004	56.000004	40.01177	47.985	1939000	2208000	1462000	535000	999000	3212268
992	1	59.000004	58.000004	58.000004	56.000004	40.003414	48.006	1939000	2208000	1462000	535000	999000	3212236
997	1	58.000004	59.000004	60.000004	57.000004	40.012737	47.996002	2092000	2208000	1462000	585000	999000	3214452
1003	1	59.000004	59.000004	60.000004	57.000004	40.0265	48.010002	2188000	2208000	1462000	647000	999000	3213464
1008	1	60.000004	59.000004	60.000004	57.000004	40.041656	48.116	2188000	2208000	1462000	647000	999000	3215500
1013	1	61.000004	60.000004	62.000004	58.000004	40.02611	48.229004	2188000	2208000	1462000	647000	999000	3195500
1019	1	61.000004	60.000004	62.000004	58.000004	40.016785	48.432003	2284000	2208000	1462000	740000	999000	3195032
1024	1	60.000004	60.000004	62.000004	58.000004	40.048573	48.548004	2284000	2208000	1462000	740000	999000	3192160
1029	1	61.000004	60.000004	61.000004	58.000004	40.07909	48.636	2284000	2208000	1462000	740000	999000	3198420
1034	1	61.000004	60.000004	63.000004	59.000004	40.14576	48.668003	2284000	2208000	1462000	740000	999000	3174480
1039	1	61.000004	61.000004	64.0	59.000004	40.177917	48.789	2400000	2208000	1462000	833000	999000	3187548
1045	1	62.000004	62.000004	66.0	60.000004	40.208782	48.858	2284000	2208000	1462000	740000	999000	3183416
1050	1	63.000004	62.000004	65.0	59.000004	40.24753	48.9	2284000	2208000	1462000	740000	999000	3184520
1055	1	61.000004	60.000004	62.000004	58.000004	40.256252	48.896004	2284000	2208000	1462000	740000	999000	3192808
1060	1	61.000004	60.000004	62.000004	58.000004	40.289097	48.895	2284000	2208000	1462000	740000	999000	3195576
1066	1	61.000004	60.000004	63.000004	58.000004	40.375603	48.850002	2400000	2208000	1462000	833000	999000	3190588
1071	1	61.000004	61.000004	64.0	59.000004	40.411743	48.890003	2400000	2208000	1462000	833000	999000	3169048
1076	1	61.000004	61.000004	63.000004	59.000004	40.427753	48.988003	2400000	2208000	1462000	833000	999000	3142616
1081	1	62.000004	61.000004	63.000004	58.000004	40.452248	49.029003	2284000	2208000	1462000	740000	999000	3142436
1087	1	61.000004	60.000004	62.000004	58.000004	40.47577	49.026	2400000	2208000	1462000	833000	999000	3142208
1092	1	61.000004	60.000004	62.000004	58.000004	40.53018	49.032	2400000	2208000	1462000	833000	999000	3170460
1097	1	61.000004	61.000004	63.000004	58.000004	40.54372	49.078003	2400000	2208000	1462000	833000	999000	3182456
1102	1	61.000004	60.000004	62.000004	58.000004	40.55184	49.075	2284000	2208000	1462000	740000	999000	3176196
1108	1	60.000004	60.000004	63.000004	58.000004	40.590103	49.032	2400000	2208000	1462000	833000	999000	3177532
1113	1	60.000004	61.000004	63.000004	59.000004	40.61526	49.050003	2400000	2208000	1462000	833000	999000	3175296
1118	1	61.000004	61.000004	63.000004	58.000004	40.62519	49.072002	2400000	2208000	1462000	833000	999000	3173984
1123	1	61.000004	60.000004	62.000004	58.000004	40.613605	49.075	2400000	2208000	1462000	833000	999000	3173840
1129	1	52.000004	51.000004	54.000004	53.000004	40.6189	48.503002	2400000	2208000	1462000	833000	999000	4697384
1134	1	49.000004	48.000004	48.000004	49.000004	40.626484	47.329002	2534000	2342000	1655000	963000	999000	7583624
1139	1	47.000004	46.000004	47.000004	47.000004	40.59862	46.143	2534000	2342000	1655000	963000	999000	7575908
1145	1	46.000004	46.000004	45.000004	46.000004	40.58191	44.808002	2688000	2457000	1816000	1198000	999000	7599096
1150	1	45.000004	44.000004	45.000004	45.000004	40.52195	43.785004	2841000	2592000	2008000	1345000	999000	7585236
1155	1	45.000004	43.000004	44.000004	45.000004	40.51848	43.143	2937000	2707000	2303000	1561000	999000	7589320
1161	1	44.000004	44.000004	44.000004	45.000004	40.52449	42.795002	2937000	2707000	2303000	1561000	999000	7585780
1166	1	44.000004	43.000004	44.000004	44.000004	40.466194	42.435	3052000	2707000	2396000	1853000	999000	7583620
1171	1	44.000004	43.000004	43.000004	44.000004	40.406765	42.096	3052000	2937000	2770000	1853000	999000	7576448
1177	1	44.000004	43.000004	43.000004	44.000004	40.278374	41.826	3052000	3168000	3277000	1853000	999000	7604016
1182	1	44.000004	42.000004	43.000004	44.000004	40.021206	41.656002	3052000	3168000	3277000	1853000	999000	7593160
1187	1	44.000004	42.000004	43.000004	44.000004	39.846703	41.545002	3052000	3168000	3424000	1853000	999000	7562556
1193	1	43.000004	42.000004	43.000004	44.000004	39.734726	41.445004	3052000	3398000	3798000	1853000	999000	7551480
1198	1	43.000004	42.000004	43.000004	43.000004	39.55306	41.308002	3052000	3398000	3798000	1853000	999000	7556860
1203	1	43.000004	43.000004	43.000004	44.000004	39.416428	41.18	3052000	3398000	3798000	1853000	999000	7563760
1209	1	43.000004	42.000004	43.000004	43.000004	39.35897	41.082	3052000	3782000	5471000	1853000	999000	7526172
1214	1	43.000004	42.000004	42.000004	43.000004	39.293503	40.953003	3052000	3782000	5471000	1853000	999000	7525716
1219	1	43.000004	42.000004	42.000004	43.000004	39.23866	40.838	3052000	3782000	5471000	1853000	999000	7498408
1224	1	43.000004	41.000004	42.000004	43.000004	39.20015	40.748	3052000	3782000	5471000	1853000	999000	7497556
1230	1	43.000004	41.000004	42.000004	43.000004	39.130295	40.623	3052000	3782000	5471000	1853000	999000	7494744
1235	1	43.000004	41.000004	42.000004	43.000004	39.063232	40.532	3052000	3782000	5471000	1853000	999000	7475928
1240	1	42.000004	41.000004	42.000004	43.000004	38.99108	40.449	3052000	3782000	5471000	1853000	999000	7460088
1246	1	43.000004	42.000004	42.000004	43.000004	38.974846	40.386	3052000	3782000	5471000	1853000	999000	7575040
1251	1	43.000004	41.000004	42.000004	43.000004	38.952568	40.258003	3052000	3782000	5471000	1853000	999000	7571432
1256	1	43.000004	41.000004	42.000004	43.000004	38.869682	40.182003	3052000	3782000	5471000	1853000	999000	7522236
1262	1	42.000004	41.000004	42.000004	43.000004	38.82143	40.152	3052000	3782000	5471000	1853000	999000	7527020
1267	1	42.000004	41.000004	42.000004	43.000004	38.79302	40.085003	3052000	3782000	5471000	1853000	999000	7527908
1272	1	42.000004	41.000004	42.000004	42.000004	38.768566	40.009003	3052000	3782000	5471000	1853000	999000	7523808
1278	1	42.000004	41.000004	42.000004	43.000004	38.745087	39.938004	3052000	3782000	5471000	1853000	999000	7501532
1283	1	42.000004	41.000004	41.000004	42.000004	38.71639	39.88	3052000	3782000	5471000	1853000	999000	7558300
1288	1	42.000004	41.000004	41.000004	42.000004	38.708782	39.829002	3052000	3782000	5471000	1853000	999000	7556164
1294	1	42.000004	41.000004	41.000004	42.000004	38.70422	39.745003	3052000	3782000	5471000	1853000	999000	7610324
1299	1	42.000004	40.0	41.000004	42.000004	38.66425	39.669003	3052000	3782000	5471000	1853000	999000	7603288
1304	1	42.000004	40.0	41.000004	42.000004	38.591915	39.605003	3052000	3782000	5471000	1853000	999000	7596076
1310	1	42.000004	40.0	41.000004	42.000004	38.562904	39.605003	3052000	3782000	5471000	1853000	999000	7570640
1315	1	42.000004	40.0	41.000004	42.000004	38.499336	39.549004	3052000	3782000	5471000	1853000	999000	7569804
1320	1	42.000004	40.0	41.000004	42.000004	38.461197	39.486	3052000	3782000	5471000	1853000	999000	7567608
1326	1	42.000004	41.000004	41.000004	42.000004	38.37876	39.442	3052000	3782000	5471000	1853000	999000	7549840
1331	1	42.000004	40.0	41.000004	42.000004	38.36021	39.433002	3052000	3782000	5471000	1853000	999000	7541704
1336	1	42.000004	40.0	41.000004	42.000004	38.332596	39.396004	3052000	3782000	5471000	1853000	999000	7544068
1342	1	41.000004	40.0	41.000004	42.000004	38.29393	39.313004	3052000	3782000	5471000	1853000	999000	7533696
1347	1	42.000004	40.0	41.000004	42.000004	38.272724	39.276	3052000	3782000	5471000	1853000	999000	7561772
1352	1	41.000004	41.000004	41.000004	42.000004	38.245358	39.273003	3052000	3782000	5471000	1853000	999000	7558420
1357	1	42.000004	41.000004	42.000004	42.000004	38.21909	39.25	3052000	3782000	5471000	1853000	999000	7451840
1363	1	42.000004	40.0	41.000004	42.000004	38.22606	39.65	3052000	3782000	5471000	1853000	999000	7410984
1368	1	42.000004	40.0	41.000004	42.000004	38.180386	39.652	3052000	3782000	5471000	1853000	999000	7448784
1373	1	42.000004	41.000004	41.000004	42.000004	38.15047	39.54	3052000	3782000	5471000	1853000	999000	7446732
1379	1	42.000004	40.0	41.000004	42.000004	37.99233	39.406002	3052000	3782000	5471000	1853000	999000	7485624
1384	1	42.000004	40.0	41.000004	42.000004	37.89081	39.269	3052000	3782000	5471000	1853000	999000	7580356
1389	1	41.000004	40.0	41.000004	42.000004	37.827507	39.216003	3052000	3782000	5471000	1853000	999000	7557132
1395	1	41.000004	40.0	41.000004	41.000004	37.818596	39.15	3052000	3782000	5471000	1853000	999000	7564236
1400	1	41.000004	40.0	41.000004	41.000004	37.813248	39.055	3052000	3782000	5471000	1853000	999000	7556224
1405	1	41.000004	40.0	41.000004	41.000004	37.82938	38.973003	3052000	3782000	5471000	1853000	999000	7552348
1410	1	44.000004	42.000004	43.000004	44.000004	37.834896	39.299004	3052000	3782000	5471000	1853000	999000	7478648
1416	1	42.000004	41.000004	42.000004	43.000004	37.775368	39.842003	3052000	3782000	5471000	1853000	999000	7562896
1421	1	42.000004	40.0	41.000004	42.000004	37.717136	39.695004	3052000	3782000	5471000	1853000	999000	7560728
1426	1	41.000004	40.0	41.000004	42.000004	37.618176	39.415	3052000	3782000	5471000	1853000	999000	7536840
1432	1	41.000004	40.0	41.000004	41.000004	37.5205	39.238003	3052000	3782000	5471000	1853000	999000	7529800
1437	1	41.000004	41.000004	41.000004	41.000004	37.448112	39.082	3052000	3782000	5471000	1853000	999000	7564144
1442	1	41.000004	40.0	41.000004	41.000004	37.516186	38.986	3052000	3782000	5471000	1853000	999000	7566324
1448	1	41.000004	40.0	41.000004	42.000004	37.54698	38.88	3052000	3782000	5471000	1853000	999000	7558004
1453	1	41.000004	40.0	41.000004	41.000004	37.561844	38.792004	3052000	3782000	5471000	1853000	999000	7559320
1458	1	49.000004	47.000004	48.000004	47.000004	37.562252	38.989002	3052000	3782000	5471000	1853000	999000	7468088
1463	1	42.000004	41.000004	42.000004	43.000004	37.5126	39.662003	3052000	3782000	5471000	1853000	999000	7602500
1469	1	42.000004	40.0	41.000004	42.000004	37.48275	39.496002	3052000	3782000	5471000	1853000	999000	7597972
1474	1	41.000004	41.000004	41.000004	41.000004	37.416447	39.186	3052000	3782000	5471000	1853000	999000	7591608
1479	1	41.000004	41.000004	41.000004	41.000004	37.32761	38.958	3052000	3782000	5471000	1853000	999000	7608076
1485	1	41.000004	40.0	40.0	41.000004	37.283268	38.813004	3052000	3782000	5471000	1853000	999000	7597052
1490	1	41.000004	39.0	40.0	41.000004	37.28887	38.749	3052000	3782000	5471000	1853000	999000	7568876
1495	1	41.000004	40.0	40.0	41.000004	37.29425	38.683002	3052000	3782000	5471000	1853000	999000	7561472
1501	1	41.000004	40.0	40.0	41.000004	37.344055	38.573	3052000	3782000	5471000	1853000	999000	7566128
1506	1	41.000004	40.0	40.0	41.000004	37.355263	38.519	3052000	3782000	5471000	1853000	999000	7558052
1511	1	41.000004	39.0	40.0	41.000004	37.347786	38.446003	3052000	3782000	5471000	1853000	999000	7561952
1517	1	41.000004	39.0	40.0	41.000004	37.28177	38.38	3052000	3782000	5471000	1853000	999000	7551632
1522	1	41.000004	39.0	40.0	41.000004	37.243412	38.322002	3052000	3782000	5471000	1853000	999000	7553212
1527	1	40.0	40.0	40.0	41.000004	37.220848	38.306004	3052000	3782000	5471000	1853000	999000	7593836
1533	1	40.0	39.0	40.0	41.000004	37.195526	38.269	3052000	3782000	5471000	1853000	999000	7589784
1538	1	42.000004	40.0	41.000004	42.000004	37.18033	38.693	3052000	3782000	5471000	1853000	999000	7498708
1543	1	41.000004	41.000004	40.0	41.000004	37.08298	38.812	3052000	3782000	5471000	1853000	999000	7486076
1549	0	41.000004	40.0	41.000004	42.000004	37.022884	38.753002	3052000	3782000	5471000	1853000	999000	7506804
1554	0	41.000004	39.0	41.000004	41.000004	36.986828	38.649002	3052000	3782000	5471000	1853000	999000	7537264
1559	0	53.000004	50.000004	48.000004	44.000004	36.9269	38.762	3052000	3782000	5471000	1853000	999000	7471216
1564	0	43.000004	44.000004	44.000004	45.000004	36.876823	39.295002	3052000	3782000	5471000	1853000	999000	7353024
1570	0	56.000004	47.000004	46.000004	47.000004	36.817955	39.648003	3052000	3782000	5471000	1853000	999000	7215600
1575	0	50.000004	48.000004	49.000004	49.000004	36.761444	40.289	3052000	3782000	5471000	1853000	999000	7058440
1580	0	52.000004	48.000004	48.000004	48.000004	36.679893	41.786003	3052000	3782000	5471000	1853000	999000	7025720
1586	0	60.000004	51.000004	50.000004	49.000004	36.601604	42.889004	3052000	3782000	5471000	1853000	999000	7003472
1591	0	64.0	54.000004	52.000004	52.000004	36.641098	43.388	3052000	3782000	5471000	1853000	999000	6954476
1596	0	65.0	56.000004	54.000004	54.000004	36.6648	43.853	3052000	3782000	5471000	1853000	999000	6293128
1602	0	66.0	56.000004	54.000004	54.000004	36.705215	44.688004	3052000	3782000	5471000	1853000	999000	5527476
1607	0	66.0	57.000004	55.000004	54.000004	36.91553	45.176003	3052000	3782000	5471000	1853000	999000	4871140
1612	0	62.000004	59.000004	58.000004	55.000004	37.073452	45.448	3052000	3782000	5471000	1853000	999000	4322268
1618	0	58.000004	56.000004	57.000004	53.000004	37.225048	45.679	3052000	3782000	5471000	1853000	999000	3925040
1623	0	59.000004	57.000004	59.000004	55.000004	37.416573	45.528004	3052000	3782000	5471000	1853000	999000	3608688
1628	0	60.000004	58.000004	60.000004	54.000004	37.600433	45.52	3052000	3782000	5471000	1853000	999000	3333504
1633	0	61.000004	59.000004	59.000004	55.000004	37.85818	45.56	3052000	3782000	5471000	1853000	999000	2954944
1638	0	62.000004	60.000004	61.000004	56.000004	37.978252	45.985	3052000	3782000	5471000	1853000	999000	2542924
1644	0	61.000004	55.000004	55.000004	54.000004	38.050293	46.258003	3052000	3398000	3798000	1853000	999000	2031012
1649	0	63.000004	56.000004	56.000004	56.000004	38.180817	46.499	3052000	3398000	3798000	1853000	999000	1396576
1655	0	85.00001	84.00001	87.00001	72.0	38.239433	47.578003	3052000	3398000	3798000	1853000	999000	1722908
1660	0	83.00001	85.00001	91.00001	76.0	38.2746	51.559002	3052000	3398000	3798000	1853000	999000	2640032
1665	0	85.00001	84.00001	90.00001	76.0	38.471367	54.058002	2937000	3168000	3424000	1561000	867000	3174376
1670	0	86.00001	84.00001	91.00001	77.0	38.66026	55.939003	2841000	3168000	3277000	1345000	609000	3160012
1675	0	83.00001	83.00001	87.00001	76.0	39.171658	56.787003	2688000	2937000	2770000	1198000	489000	3166128
1681	1	82.00001	80.0	85.00001	76.0	39.629295	57.392002	2534000	2707000	2396000	963000	403000	2916108
1686	1	81.00001	80.0	84.00001	75.0	40.068626	57.695004	2534000	2707000	2396000	963000	403000	2967340
1691	1	79.0	79.0	82.00001	73.0	40.683903	57.633003	2400000	2707000	2303000	833000	369000	3122876
1696	1	77.0	78.0	80.0	72.0	41.049877	57.387	2284000	2592000	2008000	740000	318000	3082212
1702	1	73.0	72.0	74.0	68.0	41.1864	56.864002	2188000	2457000	1816000	647000	279000	3072148
1707	1	71.0	70.0	72.0	67.0	41.40868	55.660004	2188000	2457000	1816000	647000	279000	3064592
1712	1	67.0	67.0	70.0	65.0	41.46666	54.56	2092000	2342000	1655000	585000	209000	3117552
1717	1	64.0	64.0	66.0	63.000004	41.48272	53.667004	1862000	2208000	1462000	480000	209000	2982916
1723	1	62.000004	62.000004	64.0	61.000004	41.484528	52.794003	1670000	1920000	1140000	334000	209000	3009704
1728	1	61.000004	61.000004	63.000004	60.000004	41.39189	51.562004	1670000	1920000	1140000	334000	209000	3130932
1733	1	60.000004	60.000004	61.000004	59.000004	41.233128	50.737003	1401000	2208000	1462000	247000	209000	2937644
1739	1	60.000004	60.000004	61.000004	58.000004	41.106342	50.197002	1401000	2208000	1462000	247000	279000	2918816
1744	1	61.000004	60.000004	62.000004	59.000004	41.051704	49.979004	1670000	2208000	1462000	334000	318000	3005720
1749	1	60.000004	60.000004	62.000004	58.000004	40.92662	49.748	1670000	2208000	1462000	334000	318000	2956652
1755	1	60.000004	59.000004	61.000004	58.000004	40.83801	49.480003	1785000	2208000	1462000	388000	369000	2952388
1760	1	61.000004	60.000004	62.000004	58.000004	40.73797	49.326004	1785000	2208000	1462000	388000	403000	3141704
1765	1	61.000004	60.000004	63.000004	59.000004	40.67794	49.196003	1785000	2208000	1462000	388000	489000	3121220
1771	1	61.000004	61.000004	62.000004	58.000004	40.536663	49.08	1785000	2208000	1462000	388000	489000	3113536
1776	1	61.000004	60.000004	61.000004	58.000004	40.503174	48.982002	1785000	2208000	1462000	388000	489000	3101972
1782	1	59.000004	58.000004	60.000004	57.000004	40.496384	48.972004	1785000	1920000	1140000	388000	609000	3093156
1787	1	60.000004	59.000004	61.000004	58.000004	40.48986	48.83	1862000	1920000	1140000	480000	609000	3097488
1792	1	59.000004	59.000004	61.000004	58.000004	40.520782	48.760002	1862000	1920000	1140000	480000	609000	3094976
1797	1	59.000004	58.000004	60.000004	57.000004	40.55047	48.706	1862000	1920000	1140000	480000	609000	3080964
1803	1	59.000004	59.000004	61.000004	58.000004	40.58019	48.669003	1862000	1920000	1140000	480000	867000	3167956
1808	1	59.000004	59.000004	60.000004	57.000004	40.59099	48.660004	1785000	2208000	1462000	388000	867000	3164428
1813	1	59.000004	59.000004	60.000004	57.000004	40.584232	48.666004	1785000	2208000	1462000	388000	999000	3164012
1819	1	60.000004	59.000004	60.000004	58.000004	40.579025	48.656002	1785000	2208000	1462000	388000	999000	3181468
1824	1	61.000004	60.000004	62.000004	58.000004	40.577854	48.645	1862000	2208000	1462000	480000	999000	3174984
1829	1	60.000004	59.000004	61.000004	58.000004	40.604755	48.672	1939000	2208000	1462000	535000	999000	3177528
1835	1	60.000004	60.000004	62.000004	58.000004	40.622025	48.735	1939000	2208000	1462000	535000	999000	3168864
1840	1	60.000004	59.000004	61.000004	58.000004	40.6386	48.856003	1939000	2208000	1462000	535000	999000	3141076
1846	1	60.000004	60.000004	62.000004	58.000004	40.671246	48.869003	1939000	2208000	1462000	535000	999000	3136288
1851	1	61.000004	61.000004	63.000004	58.000004	40.699753	48.868004	1939000	2208000	1462000	535000	999000	3198968
1856	1	60.000004	59.000004	61.000004	58.000004	40.71245	48.878002	1939000	2208000	1462000	535000	999000	3197620
1862	1	60.000004	60.000004	61.000004	58.000004	40.747383	48.915	1939000	2208000	1462000	535000	999000	3193376
1867	1	60.000004	60.000004	61.000004	58.000004	40.78273	48.942	1862000	2208000	1462000	480000	999000	3186548
1873	1	60.000004	59.000004	61.000004	58.000004	40.815063	48.956	1862000	2208000	1462000	480000	999000	3185668
1878	1	61.000004	60.000004	62.000004	58.000004	40.838474	48.925003	1939000	2208000	1462000	535000	999000	3182088
1883	1	60.000004	60.000004	62.000004	58.000004	40.859093	48.915	1939000	2208000	1462000	535000	999000	3178380
1888	1	60.000004	60.000004	62.000004	58.000004	40.878883	48.943	1939000	2208000	1462000	535000	999000	3174052
1894	1	60.000004	59.000004	61.000004	58.000004	40.894913	48.959003	1939000	1920000	1140000	535000	999000	3176240
1899	1	60.000004	60.000004	62.000004	58.000004	40.910297	48.95	1939000	1920000	1140000	535000	999000	3149740
1904	1	59.000004	59.000004	61.000004	58.000004	40.907352	48.909004	1939000	1920000	1140000	535000	999000	3154160
1909	1	59.000004	59.000004	61.000004	58.000004	40.929443	48.856003	1939000	1920000	1140000	535000	999000	3146020
1915	1	59.000004	59.000004	61.000004	58.000004	40.951675	48.818	1939000	1920000	1140000	535000	999000	3149264
1920	1	59.000004	59.000004	61.000004	58.000004	40.96501	48.779003	1939000	1920000	1140000	535000	999000	3142376
1925	1	59.000004	59.000004	61.000004	58.000004	40.96899	48.778004	1939000	1920000	1140000	535000	999000	3135332
1931	1	60.000004	59.000004	62.000004	58.000004	40.944744	48.812004	1939000	1920000	1140000	535000	999000	3135528
1936	1	52.000004	51.000004	52.000004	53.000004	40.92719	48.828003	1939000	1920000	1140000	535000	999000	3249028
1941	1	50.000004	49.000004	52.000004	51.000004	40.910336	47.683002	2092000	1920000	1140000	585000	999000	5840112
1947	1	48.000004	47.000004	47.000004	48.000004	40.915665	46.935	2188000	2208000	1140000	585000	999000	7599216
1952	1	47.000004	45.000004	46.000004	47.000004	40.920784	45.340004	2188000	2208000	1462000	647000	999000	7593516
1957	1	46.000004	44.000004	46.000004	46.000004	40.84017	44.399002	2284000	2342000	1655000	740000	999000	7586428
1962	1	45.000004	45.000004	45.000004	46.000004	40.80325	43.703003	2400000	2457000	1816000	833000	999000	7586080
1968	1	45.000004	44.000004	45.000004	45.000004	40.785217	43.24	2400000	2592000	1816000	833000	999000	7555548
1973	1	45.000004	43.000004	44.000004	45.000004	40.74083	42.885002	2534000	2592000	2008000	963000	999000	7552016
1978	1	45.000004	43.000004	45.000004	45.000004	40.62571	42.72	2688000	2707000	2303000	1198000	999000	7534324
1984	1	44.000004	43.000004	44.000004	45.000004	40.515194	42.455	2841000	2707000	2396000	1345000	999000	7576388
1989	1	44.000004	43.000004	44.000004	44.000004	40.387306	42.248	2937000	2937000	2396000	1345000	999000	7554376
1994	1	44.000004	43.000004	43.000004	44.000004	40.264534	42.04	2937000	2937000	2770000	1561000	999000	7545680
1999	1	44.000004	43.000004	43.000004	44.000004	40.160503	41.902	3052000	3168000	3277000	1853000	999000	7524272
2005	1	44.000004	43.000004	43.000004	44.000004	40.060635	41.685	3052000	3168000	3424000	1853000	999000	7520040
2010	1	44.000004	42.000004	43.000004	44.000004	39.960148	41.598003	3052000	3398000	3798000	1853000	999000	7502736
2015	1	44.000004	42.000004	43.000004	44.000004	39.863678	41.496002	3052000	3398000	3798000	1853000	999000	7469844
2021	1	43.000004	42.000004	43.000004	44.000004	39.73843	41.420002	3052000	3398000	3798000	1853000	999000	7558524
2026	1	44.000004	43.000004	43.000004	44.000004	39.655125	41.296	3052000	3782000	5471000	1853000	999000	7537296
2031	1	43.000004	42.000004	43.000004	43.000004	39.574913	41.170002	3052000	3782000	5471000	1853000	999000	7527808
2037	1	43.000004	42.000004	43.000004	43.000004	39.529663	41.068	3052000	3782000	5471000	1853000	999000	7513684
2042	1	43.000004	42.000004	43.000004	43.000004	39.493073	41.006	3052000	3782000	5471000	1853000	999000	7513720
2047	1	43.000004	42.000004	42.000004	43.000004	39.450043	40.886	3052000	3782000	5471000	1853000	999000	7504904
2052	1	43.000004	41.000004	42.000004	43.000004	39.41464	40.800003	3052000	3782000	5471000	1853000	999000	7509796
2058	1	43.000004	41.000004	43.000004	43.000004	39.380653	40.712	3052000	3782000	5471000	1853000	999000	7517484
2063	1	43.000004	43.000004	42.000004	43.000004	39.34501	40.670002	3052000	3782000	5471000	1853000	999000	7516876
2068	1	43.000004	41.000004	42.000004	43.000004	39.310795	40.566	3052000	3782000	5471000	1853000	999000	7580892
2074	1	43.000004	41.000004	42.000004	43.000004	39.252182	40.489002	3052000	3782000	5471000	1853000	999000	7588216
2079	1	43.000004	41.000004	42.000004	43.000004	39.19591	40.449	3052000	3782000	5471000	1853000	999000	7558060
2084	1	42.000004	41.000004	42.000004	43.000004	39.15656	40.369003	3052000	3782000	5471000	1853000	999000	7547128
2090	1	42.000004	41.000004	42.000004	43.000004	39.112312	40.27	3052000	3782000	5471000	1853000	999000	7556512
2095	1	43.000004	41.000004	42.000004	43.000004	39.091072	40.192	3052000	3782000	5471000	1853000	999000	7548808
2100	1	43.000004	41.000004	42.000004	43.000004	39.035583	40.160004	3052000	3782000	5471000	1853000	999000	7518972
2106	1	43.000004	41.000004	42.000004	43.000004	39.02794	40.13	3052000	3782000	5471000	1853000	999000	7514496
2111	1	43.000004	41.000004	41.000004	42.000004	39.020603	40.050003	3052000	3782000	5471000	1853000	999000	7514956
2116	1	42.000004	42.000004	41.000004	42.000004	39.00004	39.999	3052000	3782000	5471000	1853000	999000	7555616
2122	1	42.000004	41.000004	41.000004	42.000004	38.938606	39.913002	3052000	3782000	5471000	1853000	999000	7552548
2127	1	42.000004	41.000004	42.000004	43.000004	38.89674	39.878002	3052000	3782000	5471000	1853000	999000	7500072
2132	1	42.000004	41.000004	41.000004	42.000004	38.827473	39.895	3052000	3782000	5471000	1853000	999000	7537340
2138	1	42.000004	42.000004	41.000004	42.000004	38.785095	39.83	3052000	3782000	5471000	1853000	999000	7542712
2143	1	42.000004	41.000004	41.000004	42.000004	38.741104	39.782	3052000	3782000	5471000	1853000	999000	7538240
2148	1	42.000004	41.000004	42.000004	42.000004	38.689373	39.723003	3052000	3782000	5471000	1853000	999000	7569744
2154	1	42.000004	41.000004	41.000004	42.000004	38.62919	39.698	3052000	3782000	5471000	1853000	999000	7571460
2159	1	42.000004	40.0	41.000004	42.000004	38.605682	39.663002	3052000	3782000	5471000	1853000	999000	7570004
2164	1	42.000004	40.0	41.000004	42.000004	38.54522	39.585003	3052000	3782000	5471000	1853000	999000	7571316
2170	1	42.000004	40.0	41.000004	42.000004	38.50072	39.56	3052000	3782000	5471000	1853000	999000	7543244
2175	1	42.000004	41.000004	42.000004	42.000004	38.467926	39.775	3052000	3782000	5471000	1853000	999000	7467892
2180	1	42.000004	41.000004	41.000004	42.000004	38.433205	39.79	3052000	3782000	5471000	1853000	999000	7455576
2185	1	42.000004	40.0	41.000004	42.000004	38.416798	39.670002	3052000	3782000	5471000	1853000	999000	7480172
2191	1	42.000004	41.000004	41.000004	42.000004	38.27634	39.583	3052000	3782000	5471000	1853000	999000	7450592
2196	1	42.000004	41.000004	42.000004	43.000004	38.22578	39.493	3052000	3782000	5471000	1853000	999000	7562852
2201	1	42.000004	40.0	41.000004	42.000004	38.199867	39.45	3052000	3782000	5471000	1853000	999000	7557324
2207	1	42.000004	41.000004	41.000004	42.000004	38.20348	39.386	3052000	3782000	5471000	1853000	999000	7554276
2212	1	41.000004	40.0	41.000004	42.000004	38.20694	39.288002	3052000	3782000	5471000	1853000	999000	7548896
2217	1	42.000004	40.0	41.000004	42.000004	38.12618	39.226	3052000	3782000	5471000	1853000	999000	7539656
2223	1	43.000004	42.000004	44.000004	44.000004	38.084133	39.268	3052000	3782000	5471000	1853000	999000	7481888
2228	1	43.000004	42.000004	43.000004	43.000004	38.061222	39.542004	3052000	3782000	5471000	1853000	999000	7398856
2233	1	42.000004	41.000004	42.000004	43.000004	38.028107	39.685	3052000	3782000	5471000	1853000	999000	7355924
2238	1	42.000004	41.000004	41.000004	42.000004	37.97736	39.708	3052000	3782000	5471000	1853000	999000	7522580
2244	1	42.000004	40.0	41.000004	42.000004	37.935795	39.509003	3052000	3782000	5471000	1853000	999000	7509528
2249	1	41.000004	40.0	41.000004	42.000004	37.862247	39.348003	3052000	3782000	5471000	1853000	999000	7488812
2254	1	42.000004	40.0	41.000004	42.000004	37.79164	39.230003	3052000	3782000	5471000	1853000	999000	7537048
2260	1	41.000004	40.0	41.000004	41.000004	37.771988	39.172	3052000	3782000	5471000	1853000	999000	7512004
2265	1	42.000004	41.000004	42.000004	43.000004	37.753117	39.319	3052000	3782000	5471000	1853000	999000	7459772
2270	1	42.000004	41.000004	42.000004	43.000004	37.78261	39.578003	3052000	3782000	5471000	1853000	999000	7402420
2275	1	45.000004	44.000004	45.000004	45.000004	37.746616	39.649002	3052000	3782000	5471000	1853000	999000	7323336
2281	1	43.000004	42.000004	43.000004	44.000004	37.627377	40.358	3052000	3782000	5471000	1853000	999000	7537472
2286	1	42.000004	41.000004	42.000004	43.000004	37.520683	40.306004	3052000	3782000	5471000	1853000	999000	7517568
2291	1	42.000004	40.0	41.000004	42.000004	37.425045	39.806004	3052000	3782000	5471000	1853000	999000	7523212
2297	1	42.000004	40.0	41.000004	42.000004	37.35445	39.465	3052000	3782000	5471000	1853000	999000	7502052
2302	1	41.000004	40.0	41.000004	42.000004	37.42984	39.309002	3052000	3782000	5471000	1853000	999000	7564516
2307	1	41.000004	41.000004	41.000004	41.000004	37.502216	39.115	3052000	3782000	5471000	1853000	999000	7556192
2313	1	41.000004	40.0	40.0	41.000004	37.521976	38.969	3052000	3782000	5471000	1853000	999000	7555016
2318	1	41.000004	40.0	40.0	41.000004	37.54095	38.873	3052000	3782000	5471000	1853000	999000	7528160
2324	1	41.000004	40.0	40.0	41.000004	37.546295	38.802002	3052000	3782000	5471000	1853000	999000	7548892
2329	1	41.000004	39.0	41.000004	42.000004	37.52915	38.730003	3052000	3782000	5471000	1853000	999000	7545320
2334	1	41.000004	40.0	40.0	41.000004	37.51814	38.655003	3052000	3782000	5471000	1853000	999000	7531724
2340	1	41.000004	39.0	40.0	41.000004	37.455307	38.59	3052000	3782000	5471000	1853000	999000	7550692
2345	1	41.000004	40.0	40.0	41.000004	37.447353	38.545002	3052000	3782000	5471000	1853000	999000	7541956
2350	1	41.000004	39.0	40.0	41.000004	37.438004	38.475002	3052000	3782000	5471000	1853000	999000	7537464
2356	1	41.000004	40.0	40.0	41.000004	37.415394	38.423	3052000	3782000	5471000	1853000	999000	7544724
2361	1	41.000004	39.0	40.0	41.000004	37.393684	38.496002	3052000	3782000	5471000	1853000	999000	7553720
2366	1	41.000004	39.0	40.0	41.000004	37.359158	38.472	3052000	3782000	5471000	1853000	999000	7553764
2371	1	40.0	39.0	40.0	41.000004	37.32602	38.398003	3052000	3782000	5471000	1853000	999000	7557088
2377	1	41.000004	39.0	41.000004	41.000004	37.26988	38.343002	3052000	3782000	5471000	1853000	999000	7528580
2382	1	40.0	39.0	40.0	41.000004	37.21598	38.326	3052000	3782000	5471000	1853000	999000	7507464
2387	1	41.000004	40.0	41.000004	41.000004	37.127968	38.453003	3052000	3782000	5471000	1853000	999000	7486812
2393	1	40.0	39.0	40.0	41.000004	37.11422	38.419003	3052000	3782000	5471000	1853000	999000	7485404
2398	1	41.000004	39.0	40.0	41.000004	37.07876	38.328003	3052000	3782000	5471000	1853000	999000	7517128
2403	1	41.000004	40.0	40.0	41.000004	37.05839	38.269	3052000	3782000	5471000	1853000	999000	7505684
2409	0	41.000004	39.0	40.0	41.000004	37.03694	38.280003	3052000	3782000	5471000	1853000	999000	7578724
2414	0	54.000004	51.000004	54.000004	44.000004	37.020363	38.54	3052000	3782000	5471000	1853000	999000	7456800
2419	0	43.000004	42.000004	43.000004	45.000004	37.013306	39.063004	3052000	3782000	5471000	1853000	999000	7275720
2424	0	45.000004	43.000004	44.000004	45.000004	36.911976	39.638	3052000	3782000	5471000	1853000	999000	7200708
2430	0	51.000004	47.000004	47.000004	47.000004	36.737167	40.219	3052000	3782000	5471000	1853000	999000	6972540
2435	0	50.000004	50.000004	48.000004	48.000004	36.509617	41.939003	3052000	3782000	5471000	1853000	999000	6979204
2440	0	56.000004	50.000004	50.000004	49.000004	36.436016	42.796	3052000	3782000	5471000	1853000	999000	6921392
2445	0	66.0	57.000004	56.000004	55.000004	36.46169	43.633003	3052000	3782000	5471000	1853000	999000	6676224
2451	0	69.0	61.000004	60.000004	58.000004	36.503593	44.572002	3052000	3782000	5471000	1853000	999000	5787160
2456	0	68.0	58.000004	57.000004	57.000004	36.610294	45.892002	3052000	3782000	5471000	1853000	999000	4879560
2461	0	66.0	57.000004	55.000004	55.000004	36.797314	46.303	3052000	3782000	5471000	1853000	999000	4597024
2467	0	60.000004	59.000004	59.000004	56.000004	36.976856	46.249	3052000	3782000	5471000	1853000	999000	4160892
2472	0	62.000004	60.000004	59.000004	55.000004	37.161804	46.090004	3052000	3782000	5471000	1853000	999000	3800144
2477	0	59.000004	58.000004	59.000004	55.000004	37.33935	45.863003	3052000	3782000	5471000	1853000	999000	3428568
2482	0	62.000004	59.000004	61.000004	55.000004	37.550167	45.820004	3052000	3782000	5471000	1853000	999000	3077572
2487	0	63.000004	59.000004	59.000004	56.000004	37.75255	46.063004	3052000	3782000	5471000	1853000	999000	2682224
2493	0	70.0	59.000004	58.000004	57.000004	37.941082	46.419003	3052000	3782000	5471000	1853000	999000	2123360
2498	0	63.000004	57.000004	56.000004	56.000004	38.122074	46.929	3052000	3398000	3798000	1853000	999000	1608280
2503	0	81.00001	80.0	85.00001	69.0	38.26135	47.615	3052000	3398000	3798000	1853000	999000	1761824
2509	0	84.00001	84.00001	87.00001	73.0	38.35229	50.4	3052000	3398000	3798000	1853000	999000	2525348
2514	0	84.00001	79.0	92.00001	75.0	38.388058	52.393	3052000	3168000	3424000	1853000	999000	3150968
2520	0	82.00001	77.0	92.00001	75.0	38.68205	54.897003	2841000	2937000	2770000	1345000	609000	3114632
2525	0	80.0	75.0	87.00001	74.0	38.84557	55.728004	2688000	2707000	2396000	1198000	489000	3126496
2530	0	77.0	74.0	83.00001	72.0	39.19458	55.95	2688000	2707000	2396000	1198000	489000	3103208
2536	1	76.0	74.0	81.00001	71.0	39.529636	55.849003	2534000	2707000	2303000	963000	403000	3113980
2542	1	73.0	70.0	75.0	68.0	40.214645	55.555004	2400000	2592000	2008000	833000	369000	3099088
2547	1	71.0	68.0	73.0	67.0	40.505257	55.044003	2284000	2457000	1816000	740000	318000	3075704
2552	1	70.0	69.0	71.0	65.0	40.679623	54.091003	2284000	2457000	1816000	740000	318000	3066896
2558	1	67.0	66.0	69.0	63.000004	40.89703	53.190002	2188000	2342000	1655000	647000	318000	3048796
2563	1	64.0	63.000004	66.0	62.000004	40.95303	52.252003	2092000	2208000	1462000	585000	318000	3036888
2568	1	63.000004	62.000004	64.0	61.000004	40.959827	51.405003	1939000	2208000	1462000	535000	369000	3126808
2574	1	62.000004	61.000004	63.000004	59.000004	40.912174	50.613003	1939000	2208000	1462000	535000	369000	3122108
2579	1	60.000004	59.000004	61.000004	58.000004	40.866432	49.879	1862000	2208000	1462000	480000	369000	3126028
2584	1	60.000004	59.000004	60.000004	58.000004	40.72201	49.460003	1785000	2208000	1462000	388000	403000	3120320
2589	1	59.000004	59.000004	60.000004	57.000004	40.58307	49.06	1785000	2208000	1462000	388000	489000	3089940
2595	1	59.000004	58.000004	59.000004	57.000004	40.48088	48.686	1785000	2208000	1462000	388000	489000	3075680
2600	1	58.000004	58.000004	59.000004	57.000004	40.363194	48.480003	1785000	2208000	1462000	388000	489000	3117364
2605	1	59.000004	58.000004	60.000004	57.000004	40.27354	48.339	1785000	2208000	1462000	388000	609000	3115472
2611	1	58.000004	58.000004	59.000004	57.000004	40.219753	48.256	1785000	2208000	1462000	388000	609000	3088364
2616	1	59.000004	58.000004	59.000004	56.000004	40.08373	48.168003	1785000	2208000	1462000	388000	609000	3080832
2621	1	60.000004	59.000004	59.000004	55.000004	40.01261	48.088	1785000	2208000	1462000	388000	609000	3149780
2626	1	60.000004	59.000004	60.000004	57.000004	39.981117	48.018	1785000	2208000	1462000	388000	867000	3123648
2632	1	59.000004	58.000004	60.000004	56.000004	39.96222	47.992	1862000	2208000	1462000	480000	867000	3129204
2637	1	59.000004	59.000004	60.000004	56.000004	39.958515	47.972004	1862000	2208000	1462000	480000	867000	3145692
2642	1	59.000004	59.000004	61.000004	57.000004	39.966335	48.018	1939000	2208000	1462000	535000	999000	3148024
2648	1	60.000004	60.000004	61.000004	57.000004	39.968094	48.033	2092000	2208000	1462000	585000	999000	3150860
2653	1	60.000004	59.000004	62.000004	57.000004	39.950996	48.058002	2188000	2208000	1462000	647000	999000	3142464
2658	1	60.000004	60.000004	62.000004	57.000004	39.92182	48.196003	2284000	2208000	1462000	740000	999000	3143800
2664	1	61.000004	61.000004	63.000004	58.000004	39.94087	48.38	2284000	2208000	1462000	740000	999000	3133168
2669	1	61.000004	61.000004	63.000004	58.000004	39.965454	48.56	2284000	2208000	1462000	740000	999000	3143684
2674	1	63.000004	62.000004	66.0	58.000004	39.992348	48.646004	2400000	2208000	1462000	833000	999000	3142796
2679	1	61.000004	61.000004	64.0	58.000004	40.01817	48.759003	2400000	2208000	1462000	833000	999000	3134716
2685	1	61.000004	61.000004	64.0	58.000004	40.0543	48.789	2400000	2208000	1462000	833000	999000	3138604
2690	1	61.000004	61.000004	64.0	58.000004	40.099728	48.813004	2400000	2208000	1462000	833000	999000	3140704
2695	1	61.000004	61.000004	64.0	58.000004	40.126987	48.875004	2400000	2208000	1462000	833000	999000	3130524
2700	1	61.000004	60.000004	65.0	59.000004	40.188705	48.958004	2400000	2208000	1462000	833000	999000	3161248
2705	1	61.000004	60.000004	65.0	60.000004	40.232246	49.015003	2400000	2208000	1462000	833000	999000	3158108
2711	1	61.000004	60.000004	64.0	59.000004	40.301365	49.068	2284000	2208000	1462000	740000	999000	3153172
2716	1	60.000004	60.000004	64.0	60.000004	40.337547	49.073	2188000	2208000	1462000	647000	999000	3128096
2721	1	61.000004	61.000004	65.0	59.000004	40.35926	49.045002	2188000	2208000	1462000	647000	999000	3127920
2727	1	60.000004	60.000004	63.000004	59.000004	40.45444	48.986004	2092000	2208000	1462000	585000	999000	3147500
2732	1	59.000004	59.000004	61.000004	58.000004	40.50926	48.893	1939000	2208000	1462000	535000	999000	3142940
2737	1	59.000004	58.000004	60.000004	57.000004	40.5293	48.732002	1862000	2208000	1462000	480000	999000	3147760
2743	1	60.000004	59.000004	61.000004	58.000004	40.525974	48.546	1862000	2208000	1462000	480000	999000	3151756
2748	1	59.000004	58.000004	59.000004	56.000004	40.52278	48.333004	1785000	2208000	1462000	388000	999000	3147620
2753	1	59.000004	58.000004	60.000004	57.000004	40.515373	48.225002	1862000	2208000	1462000	480000	999000	3142416
2758	1	58.000004	58.000004	60.000004	57.000004	40.508255	48.102	1939000	2208000	1462000	535000	999000	3144836
2764	1	59.000004	58.000004	60.000004	57.000004	40.493633	48.086002	1939000	2208000	1462000	535000	999000	3141944
2769	1	58.000004	58.000004	60.000004	57.000004	40.48486	48.118004	1939000	2208000	1462000	535000	999000	3180948
2775	1	58.000004	58.000004	60.000004	57.000004	40.458607	48.125004	1939000	2208000	1462000	535000	999000	3181204
2780	1	54.000004	53.000004	54.000004	55.000004	40.4527	48.116	1939000	2208000	1462000	535000	999000	3180440
2785	1	51.000004	49.000004	50.000004	51.000004	40.42857	47.346	1939000	2208000	1462000	535000	999000	4846492
2791	1	50.000004	48.000004	49.000004	50.000004	40.42022	46.300003	1939000	2208000	1462000	535000	999000	7491392
2796	1	47.000004	45.000004	46.000004	47.000004	40.415215	45.656002	2092000	2342000	1655000	585000	999000	7557788
2801	1	45.000004	44.000004	46.000004	46.000004	40.365376	44.213	2188000	2457000	1816000	647000	999000	7549388
2807	1	45.000004	45.000004	44.000004	45.000004	40.354843	43.486004	2284000	2592000	2008000	740000	999000	7548064
2812	1	45.000004	43.000004	44.000004	45.000004	40.29905	42.799004	2284000	2592000	2008000	740000	999000	7543772
2817	1	45.000004	44.000004	44.000004	45.000004	40.2883	42.506	2400000	2707000	2303000	833000	999000	7549844
2822	1	44.000004	43.000004	44.000004	44.000004	40.196606	42.158	2534000	2707000	2396000	963000	999000	7532544
2828	1	44.000004	43.000004	44.000004	44.000004	40.147785	41.983	2688000	2937000	2770000	1198000	999000	7503024
2833	1	44.000004	43.000004	43.000004	44.000004	39.969036	41.753002	2688000	2937000	2770000	1198000	999000	7505404
2838	1	44.000004	43.000004	43.000004	44.000004	39.82556	41.480003	2841000	3168000	3277000	1345000	999000	7508908
2844	1	43.000004	42.000004	43.000004	44.000004	39.59305	41.33	2937000	3168000	3424000	1561000	999000	7507788
2849	1	43.000004	42.000004	43.000004	44.000004	39.45723	41.218002	3052000	3398000	3798000	1853000	999000	7481140
2854	1	43.000004	42.000004	43.000004	43.000004	39.407124	41.059002	3052000	3398000	3798000	1853000	999000	7483844
2860	1	43.000004	42.000004	43.000004	43.000004	39.30797	40.945004	3052000	3398000	3798000	1853000	999000	7529444
2865	1	43.000004	42.000004	43.000004	43.000004	39.240154	40.835003	3052000	3782000	5471000	1853000	999000	7527776
2870	1	43.000004	42.000004	42.000004	43.000004	39.212852	40.756	3052000	3782000	5471000	1853000	999000	7511468
2876	1	43.000004	41.000004	42.000004	43.000004	39.1363	40.626003	3052000	3782000	5471000	1853000	999000	7505000
2881	1	43.000004	41.000004	42.000004	43.000004	39.07853	40.559002	3052000	3782000	5471000	1853000	999000	7484836
2886	1	43.000004	42.000004	43.000004	44.000004	38.95165	40.603	3052000	3782000	5471000	1853000	999000	7501684
2891	1	43.000004	42.000004	43.000004	43.000004	38.923103	40.686	3052000	3782000	5471000	1853000	999000	7466236
2897	1	43.000004	43.000004	43.000004	43.000004	38.837162	40.628002	3052000	3782000	5471000	1853000	999000	7435332
2902	1	43.000004	42.000004	42.000004	44.000004	38.75207	40.562	3052000	3782000	5471000	1853000	999000	7412032
2907	1	43.000004	42.000004	42.000004	43.000004	38.678818	40.412003	3052000	3782000	5471000	1853000	999000	7506396
2913	1	42.000004	41.000004	42.000004	43.000004	38.646355	40.355003	3052000	3782000	5471000	1853000	999000	7517216
2918	1	42.000004	42.000004	42.000004	43.000004	38.572815	40.195004	3052000	3782000	5471000	1853000	999000	7493992
2923	1	42.000004	41.000004	42.000004	43.000004	38.5675	40.112003	3052000	3782000	5471000	1853000	999000	7508756
2929	1	42.000004	41.000004	42.000004	43.000004	38.574078	40.022003	3052000	3782000	5471000	1853000	999000	7504396
2934	1	42.000004	42.000004	42.000004	42.000004	38.53673	39.933002	3052000	3782000	5471000	1853000	999000	7499568
2939	1	42.000004	42.000004	41.000004	42.000004	38.514248	39.859	3052000	3782000	5471000	1853000	999000	7504824
2945	1	42.000004	41.000004	41.000004	42.000004	38.49266	39.783	3052000	3782000	5471000	1853000	999000	7505304
2950	1	42.000004	41.000004	41.000004	42.000004	38.484203	39.752003	3052000	3782000	5471000	1853000	999000	7478452
2955	1	42.000004	40.0	41.000004	42.000004	38.463345	39.709003	3052000	3782000	5471000	1853000	999000	7473228
2961	1	42.000004	40.0	41.000004	42.000004	38.451973	39.635002	3052000	3782000	5471000	1853000	999000	7472660
2966	1	42.000004	41.000004	41.000004	42.000004	38.41616	39.569	3052000	3782000	5471000	1853000	999000	7469444
2971	1	42.000004	41.000004	42.000004	42.000004	38.374596	39.508003	3052000	3782000	5471000	1853000	999000	7469380
2977	1	42.000004	41.000004	41.000004	42.000004	38.34243	39.462	3052000	3782000	5471000	1853000	999000	7448120
2982	1	42.000004	40.0	41.000004	42.000004	38.294678	39.458	3052000	3782000	5471000	1853000	999000	7497884
2987	1	42.000004	40.0	41.000004	42.000004	38.248833	39.393	3052000	3782000	5471000	1853000	999000	7500260
2993	1	42.000004	40.0	41.000004	42.000004	38.129913	39.352	3052000	3782000	5471000	1853000	999000	7545864
2998	1	42.000004	40.0	41.000004	42.000004	38.103153	39.320004	3052000	3782000	5471000	1853000	999000	7524904
3003	1	42.000004	40.0	41.000004	42.000004	38.090237	39.305	3052000	3782000	5471000	1853000	999000	7499324
3009	1	41.000004	40.0	41.000004	42.000004	38.088737	39.299004	3052000	3782000	5471000	1853000	999000	7487484
3014	1	41.000004	40.0	41.000004	42.000004	38.044487	39.238003	3052000	3782000	5471000	1853000	999000	7492604
3019	1	41.000004	41.000004	41.000004	42.000004	38.00233	39.173	3052000	3782000	5471000	1853000	999000	7487528
3025	1	41.000004	40.0	41.000004	42.000004	37.954567	39.122	3052000	3782000	5471000	1853000	999000	7487060
3030	1	42.000004	41.000004	41.000004	42.000004	37.92591	39.149002	3052000	3782000	5471000	1853000	999000	7473228
3035	1	41.000004	40.0	41.000004	41.000004	37.90029	39.205	3052000	3782000	5471000	1853000	999000	7470052
3041	1	42.000004	40.0	41.000004	42.000004	37.875694	39.15	3052000	3782000	5471000	1853000	999000	7484784
3046	1	41.000004	40.0	41.000004	42.000004	37.87487	39.055	3052000	3782000	5471000	1853000	999000	7482280
3051	1	41.000004	40.0	41.000004	41.000004	37.813667	39.0	3052000	3782000	5471000	1853000	999000	7494992
3057	1	41.000004	40.0	41.000004	42.000004	37.776947	38.962	3052000	3782000	5471000	1853000	999000	7492556
3062	1	41.000004	40.0	41.000004	41.000004	37.698822	38.928	3052000	3782000	5471000	1853000	999000	7470464
3067	1	41.000004	41.000004	41.000004	41.000004	37.6862	38.892002	3052000	3782000	5471000	1853000	999000	7507152
3073	1	41.000004	40.0	40.0	41.000004	37.708157	38.846	3052000	3782000	5471000	1853000	999000	7502560
3078	1	41.000004	41.000004	40.0	41.000004	37.689415	38.800003	3052000	3782000	5471000	1853000	999000	7508632
3083	1	41.000004	40.0	41.000004	42.000004	37.666683	38.863003	3052000	3782000	5471000	1853000	999000	7495972
3088	1	41.000004	40.0	41.000004	42.000004	37.598972	38.949	3052000	3782000	5471000	1853000	999000	7472596
3094	1	41.000004	40.0	41.000004	41.000004	37.55985	38.933002	3052000	3782000	5471000	1853000	999000	7464372
3099	1	41.000004	40.0	40.0	41.000004	37.522293	38.855003	3052000	3782000	5471000	1853000	999000	7490868
3104	1	41.000004	41.000004	40.0	41.000004	37.437202	38.772003	3052000	3782000	5471000	1853000	999000	7489424
3110	1	41.000004	41.000004	40.0	41.000004	37.40454	38.728	3052000	3782000	5471000	1853000	999000	7456932
3115	1	41.000004	40.0	42.000004	41.000004	37.39643	38.678	3052000	3782000	5471000	1853000	999000	7526136
3120	1	41.000004	40.0	41.000004	41.000004	37.350952	38.745003	3052000	3782000	5471000	1853000	999000	7514896
3126	1	41.000004	39.0	40.0	41.000004	37.337036	38.736	3052000	3782000	5471000	1853000	999000	7523128
3131	1	41.000004	40.0	40.0	41.000004	37.33483	38.686	3052000	3782000	5471000	1853000	999000	7513760
3136	1	41.000004	39.0	40.0	41.000004	37.3165	38.588	3052000	3782000	5471000	1853000	999000	7511280
3142	1	41.000004	39.0	40.0	41.000004	37.30018	38.553	3052000	3782000	5471000	1853000	999000	7532508
3147	1	41.000004	40.0	40.0	41.000004	37.23952	38.499	3052000	3782000	5471000	1853000	999000	7530808
3152	1	41.000004	39.0	40.0	41.000004	37.225872	38.47	3052000	3782000	5471000	1853000	999000	7538948
3158	1	41.000004	39.0	40.0	41.000004	37.227116	38.425003	3052000	3782000	5471000	1853000	999000	7529656
3163	1	41.000004	39.0	40.0	41.000004	37.142708	38.362003	3052000	3782000	5471000	1853000	999000	7520024
3168	1	41.000004	39.0	40.0	41.000004	37.113716	38.323	3052000	3782000	5471000	1853000	999000	7498196
3174	1	41.000004	40.0	40.0	41.000004	37.10418	38.33	3052000	3782000	5471000	1853000	999000	7493216
3179	1	40.0	40.0	40.0	41.000004	37.11726	38.298	3052000	3782000	5471000	1853000	999000	7486980
3184	1	41.000004	40.0	40.0	41.000004	37.08783	38.280003	3052000	3782000	5471000	1853000	999000	7489300
3190	0	41.000004	39.0	41.000004	41.000004	37.05675	38.322002	3052000	3782000	5471000	1853000	999000	7524512
3195	0	42.000004	40.0	41.000004	42.000004	37.02574	38.428	3052000	3782000	5471000	1853000	999000	7563044
3200	0	44.000004	43.000004	45.000004	46.000004	36.979706	39.056004	3052000	3782000	5471000	1853000	999000	7336468
3205	0	44.000004	43.000004	44.000004	44.000004	36.942204	39.529003	3052000	3782000	5471000	1853000	999000	7263288
3211	0	63.000004	50.000004	48.000004	47.000004	36.818127	39.919003	3052000	3782000	5471000	1853000	999000	7135308
3216	0	51.000004	47.000004	48.000004	48.000004	36.712166	40.946003	3052000	3782000	5471000	1853000	999000	6986916
3221	0	51.000004	47.000004	48.000004	48.000004	36.648586	42.432003	3052000	3782000	5471000	1853000	999000	6943964
3226	0	53.000004	49.000004	49.000004	49.000004	36.625565	43.213	3052000	3782000	5471000	1853000	999000	6893188
3231	0	59.000004	55.000004	56.000004	52.000004	36.671555	43.606003	3052000	3782000	5471000	1853000	999000	6624160
3237	0	66.0	56.000004	54.000004	54.000004	36.70226	44.142002	3052000	3782000	5471000	1853000	999000	5815956
3242	0	65.0	56.000004	55.000004	54.000004	36.765602	44.818	3052000	3782000	5471000	1853000	999000	5200256
3247	0	65.0	55.000004	54.000004	54.000004	36.82641	45.148003	3052000	3782000	5471000	1853000	999000	4694672
3253	0	60.000004	58.000004	58.000004	54.000004	37.108803	45.326004	3052000	3782000	5471000	1853000	999000	4253096
3258	0	60.000004	57.000004	57.000004	54.000004	37.17234	45.383003	3052000	3782000	5471000	1853000	999000	3908060
3263	0	60.000004	58.000004	58.000004	54.000004	37.438526	45.412003	3052000	3782000	5471000	1853000	999000	3531596
3268	0	61.000004	58.000004	60.000004	55.000004	37.70353	45.500004	3052000	3782000	5471000	1853000	999000	3229292
3274	0	81.00001	65.0	61.000004	58.000004	37.875072	45.722004	3052000	3782000	5471000	1853000	999000	2840204
3279	0	67.0	58.000004	57.000004	57.000004	37.982517	46.425003	3052000	3398000	3798000	1853000	999000	2326348
3284	0	63.000004	56.000004	56.000004	56.000004	38.13964	46.599003	3052000	3398000	3798000	1853000	999000	1751072
3289	0	77.0	75.0	87.00001	69.0	38.237164	47.168003	3052000	3398000	3798000	1853000	999000	1454068
3294	0	81.00001	85.00001	91.00001	74.0	38.296837	49.758003	3052000	3398000	3798000	1853000	999000	2310288
3300	0	81.00001	84.00001	90.00001	76.0	38.441387	52.697002	3052000	3168000	3424000	1853000	999000	3146028
3305	0	84.00001	79.0	90.00001	76.0	38.52812	54.329002	2937000	3168000	3277000	1561000	867000	3146232
3310	0	82.00001	79.0	89.00001	76.0	38.987354	56.017002	2841000	2937000	2770000	1345000	609000	3120404
3315	0	81.00001	78.0	89.00001	75.0	39.384865	56.569004	2841000	2937000	2770000	1345000	609000	3177676
3321	1	79.0	74.0	84.00001	73.0	39.76648	56.811	2688000	2707000	2396000	1198000	489000	3108892
3326	1	77.0	73.0	81.00001	72.0	40.101906	56.714005	2534000	2707000	2303000	963000	403000	3107964
3332	1	76.0	71.0	80.0	71.0	40.653595	56.38	2400000	2592000	2008000	833000	369000	3086524
3337	1	72.0	71.0	74.0	67.0	40.791405	55.766003	2400000	2592000	2008000	833000	369000	3063332
3342	1	69.0	68.0	70.0	65.0	40.96912	54.956	2284000	2457000	1816000	740000	318000	3153404
3347	1	66.0	65.0	68.0	63.000004	41.13972	53.773003	2092000	2342000	1655000	585000	318000	3172844
3353	1	63.000004	63.000004	66.0	62.000004	41.216846	52.666004	1862000	2208000	1462000	480000	369000	3169092
3358	1	62.000004	61.000004	63.000004	60.000004	41.2342	51.858	1862000	2208000	1462000	480000	369000	3162332
3363	1	60.000004	60.000004	62.000004	58.000004	41.11282	50.609	1862000	2208000	1462000	480000	403000	3130404
3368	1	60.000004	60.000004	62.000004	58.000004	41.005928	50.079002	1862000	2208000	1462000	480000	489000	3121584
3374	1	59.000004	59.000004	61.000004	57.000004	40.838757	49.340004	1862000	2208000	1462000	480000	489000	3122796
3379	1	59.000004	58.000004	60.000004	57.000004	40.73984	49.02	1862000	2208000	1462000	480000	489000	3157108
3385	1	59.000004	58.000004	60.000004	57.000004	40.610886	48.758003	1785000	2208000	1462000	388000	609000	3150840
3390	1	58.000004	58.000004	60.000004	57.000004	40.487083	48.602	1785000	2208000	1462000	388000	609000	3127292
3395	1	59.000004	58.000004	60.000004	57.000004	40.3636	48.462	1785000	2208000	1462000	388000	609000	3124516
3401	1	59.000004	58.000004	60.000004	56.000004	40.269096	48.378002	1785000	2208000	1462000	388000	609000	3165328
3406	1	58.000004	57.000004	59.000004	56.000004	40.21239	48.260002	1785000	2208000	1462000	388000	867000	3152308
3411	1	60.000004	59.000004	61.000004	59.000004	40.149456	48.275	1785000	2208000	1462000	388000	867000	3092472
3417	1	61.000004	60.000004	62.000004	59.000004	40.180164	48.845	1785000	2208000	1462000	388000	999000	2959580
3422	1	62.000004	61.000004	63.000004	59.000004	40.207092	49.319004	1785000	2208000	1462000	388000	999000	2934476
3427	1	62.000004	62.000004	64.0	60.000004	40.281734	49.695004	1785000	2208000	1462000	388000	867000	2831040
3433	1	61.000004	60.000004	62.000004	60.000004	40.353394	49.855003	1785000	2208000	1462000	388000	867000	3031644
3438	1	61.000004	60.000004	62.000004	59.000004	40.385258	49.63	1785000	2208000	1462000	388000	999000	2828480
3443	1	60.000004	60.000004	62.000004	58.000004	40.393333	49.465004	1785000	2208000	1462000	388000	999000	2917508
3448	1	60.000004	59.000004	61.000004	59.000004	40.398182	49.273003	1785000	2208000	1462000	388000	999000	2923712
3454	1	61.000004	60.000004	61.000004	59.000004	40.415432	49.120003	1785000	2208000	1462000	388000	999000	3001788
3459	1	61.000004	60.000004	61.000004	59.000004	40.438232	49.086002	1785000	2208000	1462000	388000	999000	2827400
3464	1	59.000004	59.000004	60.000004	57.000004	40.447857	49.089	1785000	2208000	1462000	388000	999000	3092220
3469	1	59.000004	58.000004	60.000004	57.000004	40.452175	48.932003	1785000	2208000	1462000	388000	999000	3078244
3475	1	60.000004	59.000004	60.000004	57.000004	40.39438	48.752003	1862000	2208000	1462000	480000	999000	3079808
3480	1	59.000004	59.000004	61.000004	57.000004	40.377304	48.638	1862000	2208000	1462000	480000	999000	3090908
3485	1	60.000004	58.000004	60.000004	57.000004	40.37486	48.632004	1862000	2208000	1462000	480000	999000	3089088
3491	1	60.000004	59.000004	60.000004	57.000004	40.447487	48.609	1862000	2208000	1462000	480000	999000	3122596
3496	1	60.000004	59.000004	60.000004	58.000004	40.518612	48.533	1862000	2208000	1462000	480000	999000	3136012
3501	1	59.000004	59.000004	60.000004	57.000004	40.605526	48.575	1939000	2208000	1462000	535000	999000	3103376
3507	1	60.000004	59.000004	60.000004	57.000004	40.607822	48.565002	1939000	2208000	1462000	535000	999000	3106752
3512	1	59.000004	59.000004	61.000004	57.000004	40.6092	48.525	2092000	2208000	1462000	585000	999000	3094136
3517	1	60.000004	60.000004	62.000004	58.000004	40.59744	48.513	2188000	2208000	1462000	647000	999000	3102332
3522	1	60.000004	60.000004	62.000004	58.000004	40.583466	48.609	2284000	2208000	1462000	740000	999000	3101268
3528	1	61.000004	60.000004	62.000004	58.000004	40.576675	48.725002	2284000	2208000	1462000	740000	999000	3100348
3533	1	60.000004	60.000004	62.000004	58.000004	40.574924	48.889004	2284000	2208000	1462000	740000	999000	3093936
3538	1	61.000004	61.000004	63.000004	59.000004	40.573246	48.99	2400000	2208000	1462000	833000	999000	3102520
3543	1	63.000004	62.000004	65.0	59.000004	40.59771	49.088	2400000	2208000	1462000	833000	999000	3101064
3549	1	63.000004	62.000004	64.0	59.000004	40.624836	49.153004	2400000	2208000	1462000	833000	999000	3097008
3554	1	61.000004	61.000004	62.000004	58.000004	40.645596	49.173004	2400000	2208000	1462000	833000	999000	3092028
3559	1	61.000004	61.000004	63.000004	59.000004	40.698727	49.245003	2400000	2208000	1462000	833000	999000	3102712
3565	1	62.000004	61.000004	63.000004	59.000004	40.735657	49.313004	2400000	2208000	1462000	833000	999000	3100584
3570	1	61.000004	61.000004	63.000004	59.000004	40.750645	49.313004	2400000	2208000	1462000	833000	999000	3097424
3575	1	52.000004	51.000004	54.000004	53.000004	40.802265	48.818	2534000	2208000	1462000	963000	999000	4138700
3581	1	49.000004	48.000004	49.000004	50.000004	40.833233	47.639004	2688000	2208000	1462000	1198000	999000	7461300
3586	1	47.000004	46.000004	47.000004	47.000004	40.846737	46.279003	2841000	2342000	1655000	1345000	999000	7507972
3591	1	46.000004	46.000004	46.000004	46.000004	40.82967	45.31	2841000	2342000	1655000	1345000	999000	7513512
3597	1	45.000004	44.000004	45.000004	46.000004	40.81943	44.175003	2937000	2457000	1816000	1561000	999000	7507404
3602	1	45.000004	44.000004	45.000004	46.000004	40.734394	43.503002	3052000	2592000	2008000	1853000	999000	7488620
3608	1	45.000004	44.000004	45.000004	45.000004	40.68337	43.208	3052000	2707000	2303000	1853000	999000	7452716
3613	1	45.000004	43.000004	44.000004	45.000004	40.65022	42.818	3052000	2707000	2396000	1853000	999000	7453292
3618	1	44.000004	43.000004	44.000004	44.000004	40.630333	42.502003	3052000	2707000	2396000	1853000	999000	7455932
3623	1	44.000004	43.000004	43.000004	44.000004	40.371998	42.168003	3052000	2937000	2770000	1853000	999000	7456396
3629	1	44.000004	43.000004	44.000004	44.000004	40.19095	42.035004	3052000	3168000	3277000	1853000	999000	7427092
3634	1	44.000004	42.000004	43.000004	44.000004	40.082314	41.858	3052000	3168000	3424000	1853000	999000	7420596
3639	1	44.000004	42.000004	43.000004	44.000004	39.897514	41.660004	3052000	3168000	3424000	1853000	999000	7433196
3645	1	44.000004	42.000004	43.000004	44.000004	39.76907	41.506	3052000	3398000	3798000	1853000	999000	7436964
3650	1	44.000004	42.000004	43.000004	44.000004	39.68568	41.403004	3052000	3398000	3798000	1853000	999000	7511176
3655	1	44.000004	42.000004	44.000004	44.000004	39.615395	41.335003	3052000	3782000	5471000	1853000	999000	7504056
3661	1	43.000004	42.000004	43.000004	44.000004	39.547928	41.228	3052000	3782000	5471000	1853000	999000	7472616
3666	1	43.000004	42.000004	43.000004	43.000004	39.440704	41.103	3052000	3782000	5471000	1853000	999000	7470564
3671	1	43.000004	42.000004	43.000004	44.000004	39.380505	41.019	3052000	3782000	5471000	1853000	999000	7450180
3676	1	43.000004	42.000004	43.000004	44.000004	39.366962	40.956	3052000	3782000	5471000	1853000	999000	7460964
3682	1	43.000004	42.000004	43.000004	43.000004	39.35712	40.835003	3052000	3782000	5471000	1853000	999000	7461628
3687	1	43.000004	41.000004	42.000004	43.000004	39.30519	40.728	3052000	3782000	5471000	1853000	999000	7459036
3692	1	43.000004	42.000004	42.000004	43.000004	39.25746	40.688004	3052000	3782000	5471000	1853000	999000	7431916
3698	1	43.000004	42.000004	43.000004	44.000004	39.199776	40.616	3052000	3782000	5471000	1853000	999000	7489716
3703	1	43.000004	41.000004	43.000004	43.000004	39.16516	40.570004	3052000	3782000	5471000	1853000	999000	7481632
3708	1	43.000004	41.000004	43.000004	43.000004	39.122314	40.483	3052000	3782000	5471000	1853000	999000	7523772
3713	1	43.000004	41.000004	42.000004	43.000004	39.105087	40.372	3052000	3782000	5471000	1853000	999000	7527476
3719	1	42.000004	41.000004	42.000004	43.000004	39.100536	40.319	3052000	3782000	5471000	1853000	999000	7522720
3724	1	43.000004	41.000004	42.000004	43.000004	39.08042	40.242	3052000	3782000	5471000	1853000	999000	7513104
3729	1	43.000004	42.000004	43.000004	43.000004	38.997356	40.188004	3052000	3782000	5471000	1853000	999000	7489748
3735	1	42.000004	41.000004	42.000004	43.000004	38.929207	40.149002	3052000	3782000	5471000	1853000	999000	7485656
3740	1	42.000004	41.000004	42.000004	43.000004	38.85194	40.115	3052000	3782000	5471000	1853000	999000	7500612
3745	1	42.000004	41.000004	42.000004	42.000004	38.822487	40.092003	3052000	3782000	5471000	1853000	999000	7493432
3751	1	42.000004	41.000004	42.000004	42.000004	38.815243	40.010002	3052000	3782000	5471000	1853000	999000	7491784
3756	1	42.000004	41.000004	42.000004	42.000004	38.778378	39.929	3052000	3782000	5471000	1853000	999000	7490396
3761	1	42.000004	41.000004	42.000004	42.000004	38.719574	39.896004	3052000	3782000	5471000	1853000	999000	7463344
3767	1	42.000004	41.000004	41.000004	42.000004	38.67109	39.84	3052000	3782000	5471000	1853000	999000	7469500
3772	1	42.000004	42.000004	42.000004	42.000004	38.63077	39.836002	3052000	3782000	5471000	1853000	999000	7478264
3777	1	42.000004	41.000004	41.000004	42.000004	38.592064	39.786003	3052000	3782000	5471000	1853000	999000	7471156
3783	1	42.000004	41.000004	41.000004	42.000004	38.496574	39.709003	3052000	3782000	5471000	1853000	999000	7467372
3788	1	42.000004	41.000004	42.000004	42.000004	38.4622	39.666	3052000	3782000	5471000	1853000	999000	7447048
3793	1	42.000004	41.000004	41.000004	42.000004	38.437065	39.656002	3052000	3782000	5471000	1853000	999000	7499116
3799	1	42.000004	40.0	41.000004	42.000004	38.421307	39.602	3052000	3782000	5471000	1853000	999000	7502148
3804	1	42.000004	40.0	41.000004	42.000004	38.37798	39.522003	3052000	3782000	5471000	1853000	999000	7499372
3809	1	42.000004	40.0	42.000004	42.000004	38.336777	39.492	3052000	3782000	5471000	1853000	999000	7482572
3814	1	42.000004	41.000004	41.000004	42.000004	38.302517	39.458	3052000	3782000	5471000	1853000	999000	7477084
3820	1	41.000004	41.000004	41.000004	42.000004	38.26963	39.406002	3052000	3782000	5471000	1853000	999000	7475916
3825	1	42.000004	40.0	41.000004	42.000004	38.239567	39.345	3052000	3782000	5471000	1853000	999000	7469752
3830	1	41.000004	40.0	41.000004	42.000004	38.21668	39.319	3052000	3782000	5471000	1853000	999000	7436384
3836	1	42.000004	41.000004	42.000004	42.000004	38.20294	39.265003	3052000	3782000	5471000	1853000	999000	7445880
3841	1	41.000004	40.0	41.000004	42.000004	38.21825	39.218002	3052000	3782000	5471000	1853000	999000	7481440
3846	1	41.000004	40.0	41.000004	42.000004	38.197147	39.188004	3052000	3782000	5471000	1853000	999000	7479396
3852	1	41.000004	40.0	41.000004	42.000004	38.182415	39.143	3052000	3782000	5471000	1853000	999000	7477704
3857	1	41.000004	40.0	41.000004	42.000004	38.127323	39.096	3052000	3782000	5471000	1853000	999000	7472724
3862	1	41.000004	40.0	41.000004	41.000004	38.094265	39.089	3052000	3782000	5471000	1853000	999000	7491380
3868	1	41.000004	40.0	41.000004	42.000004	38.033203	39.048	3052000	3782000	5471000	1853000	999000	7486080
3873	1	41.000004	41.000004	41.000004	41.000004	37.983616	39.003002	3052000	3782000	5471000	1853000	999000	7484460
3878	1	41.000004	40.0	41.000004	42.000004	37.95386	38.948	3052000	3782000	5471000	1853000	999000	7458040
3883	1	41.000004	41.000004	41.000004	41.000004	37.935246	38.942	3052000	3782000	5471000	1853000	999000	7461668
3889	1	41.000004	40.0	40.0	41.000004	37.933502	38.9	3052000	3782000	5471000	1853000	999000	7444308
3894	1	41.000004	40.0	40.0	41.000004	37.874012	38.869003	3052000	3782000	5471000	1853000	999000	7449784
3899	1	41.000004	41.000004	41.000004	41.000004	37.8169	38.819	3052000	3782000	5471000	1853000	999000	7473168
3905	1	41.000004	40.0	40.0	41.000004	37.73852	38.813004	3052000	3782000	5471000	1853000	999000	7473812
3910	1	41.000004	40.0	41.000004	41.000004	37.663277	38.783	3052000	3782000	5471000	1853000	999000	7450772
3915	1	41.000004	40.0	40.0	41.000004	37.613846	38.759003	3052000	3782000	5471000	1853000	999000	7459756
3921	1	41.000004	39.0	40.0	41.000004	37.582645	38.708	3052000	3782000	5471000	1853000	999000	7456176
3926	1	41.000004	39.0	40.0	41.000004	37.59115	38.648003	3052000	3782000	5471000	1853000	999000	7485296
3931	1	41.000004	39.0	40.0	41.000004	37.59789	38.633003	3052000	3782000	5471000	1853000	999000	7453528
3937	1	41.000004	39.0	40.0	41.000004	37.600784	38.608	3052000	3782000	5471000	1853000	999000	7453412
3942	1	41.000004	39.0	40.0	41.000004	37.559963	38.545002	3052000	3782000	5471000	1853000	999000	7450932
3947	1	41.000004	41.000004	40.0	41.000004	37.520775	38.558002	3052000	3782000	5471000	1853000	999000	7452032
3952	1	41.000004	39.0	40.0	41.000004	37.445007	38.546	3052000	3782000	5471000	1853000	999000	7503388
3958	1	41.000004	39.0	40.0	41.000004	37.403408	38.503002	3052000	3782000	5471000	1853000	999000	7487808
3963	1	41.000004	40.0	40.0	41.000004	37.378452	38.492	3052000	3782000	5471000	1853000	999000	7477904
3968	1	41.000004	39.0	40.0	41.000004	37.342045	38.458	3052000	3782000	5471000	1853000	999000	7482728
3973	1	41.000004	40.0	41.000004	41.000004	37.332638	38.453003	3052000	3782000	5471000	1853000	999000	7476496
3979	1	41.000004	39.0	40.0	41.000004	37.33052	38.536003	3052000	3782000	5471000	1853000	999000	7474260
3984	1	41.000004	39.0	40.0	41.000004	37.28876	38.483	3052000	3782000	5471000	1853000	999000	7469836
3990	1	41.000004	39.0	40.0	41.000004	37.195282	38.438004	3052000	3782000	5471000	1853000	999000	7449720
3995	1	41.000004	40.0	40.0	41.000004	37.11516	38.423	3052000	3782000	5471000	1853000	999000	7436700
4000	0	41.000004	40.0	41.000004	42.000004	37.058434	38.438004	3052000	3782000	5471000	1853000	999000	7485024
4006	0	42.000004	40.0	41.000004	42.000004	37.037704	38.916	3052000	3782000	5471000	1853000	999000	7322084
4011	0	44.000004	43.000004	44.000004	45.000004	36.962387	39.230003	3052000	3782000	5471000	1853000	999000	7172836
4016	0	43.000004	43.000004	44.000004	44.000004	36.894672	39.586002	3052000	3782000	5471000	1853000	999000	7057488
4021	0	65.0	49.000004	55.000004	47.000004	36.76993	39.883003	3052000	3782000	5471000	1853000	999000	7057164
4026	0	52.000004	49.000004	48.000004	48.000004	36.695084	41.18	3052000	3782000	5471000	1853000	999000	6910388
4032	0	52.000004	47.000004	47.000004	48.000004	36.601242	42.388	3052000	3782000	5471000	1853000	999000	6860888
4037	0	47.000004	46.000004	49.000004	48.000004	36.511158	43.145	3052000	3782000	5471000	1853000	999000	6841436
4042	0	55.000004	53.000004	54.000004	53.000004	36.583817	43.530003	3052000	3782000	5471000	1853000	999000	6576416
4048	0	68.0	61.000004	59.000004	56.000004	36.627415	44.47	3052000	3782000	5471000	1853000	999000	5794500
4053	0	67.0	57.000004	55.000004	55.000004	36.719955	45.503002	3052000	3782000	5471000	1853000	999000	5087192
4058	0	68.0	59.000004	58.000004	56.000004	36.808792	45.822002	3052000	3782000	5471000	1853000	999000	4423332
4063	0	62.000004	65.0	62.000004	57.000004	37.02297	46.262	3052000	3782000	5471000	1853000	999000	4033892
4069	0	60.000004	60.000004	62.000004	55.000004	37.15147	46.352	3052000	3782000	5471000	1853000	999000	3828108
4074	0	60.000004	59.000004	61.000004	55.000004	37.49571	46.133003	3052000	3782000	5471000	1853000	999000	3468828
4079	0	65.0	61.000004	63.000004	57.000004	37.724857	46.140003	3052000	3782000	5471000	1853000	999000	2976656
4084	0	59.000004	57.000004	60.000004	56.000004	37.815872	46.508003	3052000	3398000	3798000	1853000	999000	2517976
4090	0	62.000004	55.000004	56.000004	55.000004	38.03239	46.578003	3052000	3398000	3798000	1853000	999000	1945904
4095	0	60.000004	55.000004	55.000004	55.000004	38.126118	46.533	3052000	3398000	3798000	1853000	999000	1369400
4101	0	86.00001	82.00001	88.00001	72.0	38.216095	47.869003	3052000	3398000	3798000	1853000	999000	1700212
4106	0	85.00001	85.00001	92.00001	75.0	38.335697	50.255	3052000	3168000	3424000	1853000	999000	2511952
4111	0	86.00001	85.00001	92.00001	76.0	38.450516	53.927002	3052000	3168000	3424000	1853000	999000	3099408
4116	0	85.00001	84.00001	91.00001	77.0	38.731075	55.698	2937000	3168000	3277000	1561000	867000	3099092
4122	0	83.00001	83.00001	90.00001	76.0	39.00041	56.83	2841000	2937000	2770000	1345000	609000	3163264
4127	1	82.00001	81.00001	86.00001	75.0	39.352573	57.312004	2688000	2707000	2396000	1198000	489000	3105596
4132	1	81.00001	80.0	86.00001	75.0	39.56387	57.633003	2688000	2707000	2396000	1198000	489000	3169500
4137	1	79.0	78.0	82.00001	73.0	40.06493	57.513004	2534000	2707000	2303000	963000	403000	3172400
4143	1	80.0	77.0	80.0	70.0	40.545956	57.182003	2400000	2592000	2008000	833000	369000	3138840
4148	1	72.0	72.0	75.0	69.0	40.8313	56.606003	2284000	2457000	1816000	740000	318000	3161296
4154	1	71.0	69.0	73.0	66.0	41.002506	55.709003	2284000	2457000	1816000	740000	318000	3165292
4159	1	66.0	65.0	68.0	64.0	41.254173	54.485004	2188000	2342000	1655000	647000	318000	3138648
4165	1	63.000004	63.000004	66.0	62.000004	41.3308	52.941	2092000	2208000	1462000	585000	369000	3138668
4170	1	62.000004	61.000004	64.0	60.000004	41.310066	51.874004	1862000	2208000	1462000	480000	403000	3141748
4175	1	62.000004	61.000004	64.0	60.000004	41.28728	51.007004	1670000	2208000	1462000	480000	403000	3142700
4181	1	59.000004	58.000004	60.000004	58.000004	41.150337	50.120003	1670000	2208000	1462000	334000	489000	3200612
4186	1	59.000004	59.000004	61.000004	58.000004	41.01989	49.548004	1785000	2208000	1462000	388000	609000	3197544
4191	1	59.000004	59.000004	61.000004	57.000004	40.894657	49.228	1785000	2208000	1462000	388000	609000	3170536
4197	1	60.000004	59.000004	61.000004	58.000004	40.79859	49.028004	1785000	2208000	1462000	388000	609000	3176408
4202	1	60.000004	60.000004	62.000004	58.000004	40.74095	48.915	1785000	2208000	1462000	388000	609000	3186308
4208	1	60.000004	60.000004	61.000004	58.000004	40.652115	48.885002	1785000	2208000	1462000	388000	867000	3179396
4213	1	60.000004	60.000004	61.000004	58.000004	40.566833	48.846	1785000	2208000	1462000	388000	867000	3193304
4218	1	59.000004	60.000004	62.000004	59.000004	40.5074	48.815002	1785000	2208000	1462000	388000	999000	3161388
4224	1	61.000004	59.000004	62.000004	58.000004	40.471737	48.820004	1785000	2208000	1462000	388000	999000	3146388
4229	1	60.000004	59.000004	61.000004	58.000004	40.42658	48.800003	1785000	2208000	1462000	388000	999000	3147244
4234	1	60.000004	59.000004	61.000004	58.000004	40.38323	48.74	1862000	2208000	1462000	480000	999000	3140052
4240	1	60.000004	60.000004	62.000004	58.000004	40.345802	48.749	1862000	2208000	1462000	480000	999000	3132464
4245	1	60.000004	60.000004	61.000004	57.000004	40.33255	48.769	1862000	2208000	1462000	480000	999000	3138256
4251	1	60.000004	59.000004	61.000004	58.000004	40.32791	48.760002	1862000	2208000	1462000	480000	999000	3130408
4256	1	60.000004	60.000004	62.000004	58.000004	40.330063	48.749	1939000	2208000	1462000	535000	999000	3129432
4261	1	61.000004	60.000004	62.000004	58.000004	40.336643	48.773003	1862000	2208000	1462000	480000	999000	3202072
4266	1	60.000004	60.000004	62.000004	58.000004	40.340588	48.809002	1862000	2208000	1462000	480000	999000	3223992
4272	1	60.000004	60.000004	62.000004	58.000004	40.354816	48.806004	1939000	2208000	1462000	535000	999000	3220724
4277	1	61.000004	60.000004	63.000004	58.000004	40.368477	48.826004	1939000	2208000	1462000	535000	999000	3221332
4282	1	60.000004	60.000004	62.000004	58.000004	40.401222	48.829002	1862000	2208000	1462000	480000	999000	3231316
4288	1	60.000004	60.000004	61.000004	58.000004	40.420868	48.793003	1862000	2208000	1462000	480000	999000	3230688
4293	1	61.000004	60.000004	62.000004	58.000004	40.44523	48.772003	1939000	2208000	1462000	535000	999000	3225480
4298	1	60.000004	60.000004	62.000004	59.000004	40.47213	48.793003	1862000	2208000	1462000	480000	999000	3188508
4304	1	60.000004	60.000004	61.000004	58.000004	40.50377	48.879	1862000	2208000	1462000	480000	999000	3175152
4309	1	60.000004	60.000004	62.000004	59.000004	40.53773	48.876003	1939000	2208000	1462000	535000	999000	3175104
4314	1	61.000004	60.000004	62.000004	59.000004	40.558113	48.869003	1939000	2208000	1462000	535000	999000	3192136
4320	1	60.000004	60.000004	62.000004	58.000004	40.56505	48.866	1939000	2208000	1462000	535000	999000	3197080
4325	1	60.000004	60.000004	62.000004	58.000004	40.575024	48.852	1939000	2208000	1462000	535000	999000	3192828
4331	1	60.000004	60.000004	62.000004	58.000004	40.583107	48.895	1939000	2208000	1462000	535000	999000	3210548
4336	1	60.000004	60.000004	62.000004	58.000004	40.61022	48.942	1939000	2208000	1462000	535000	999000	3213872
4341	1	60.000004	60.000004	62.000004	58.000004	40.62649	48.936	1862000	2208000	1462000	480000	999000	3218504
4347	1	61.000004	61.000004	63.000004	58.000004	40.65974	48.962	1939000	2208000	1462000	535000	999000	3201920
4352	1	60.000004	60.000004	62.000004	59.000004	40.686268	48.986004	1862000	2208000	1462000	480000	999000	3197388
4357	1	61.000004	60.000004	62.000004	58.000004	40.702183	49.008003	1862000	2208000	1462000	480000	999000	3190920
4363	1	60.000004	60.000004	62.000004	58.000004	40.762276	49.048004	1862000	2208000	1462000	480000	999000	3168832
4368	1	61.000004	61.000004	64.0	59.000004	40.81996	49.025	1939000	2208000	1462000	535000	999000	3163760
4373	1	61.000004	61.000004	62.000004	58.000004	40.847477	49.085003	1862000	2208000	1462000	480000	999000	3176180
4379	1	53.000004	51.000004	52.000004	52.000004	40.86399	49.228	1862000	2208000	1462000	480000	999000	3775588
4384	1	51.000004	49.000004	50.000004	51.000004	40.84731	47.806004	1939000	2208000	1462000	535000	999000	6289372
4389	1	48.000004	47.000004	47.000004	48.000004	40.75601	46.619003	2092000	2342000	1655000	585000	999000	7547172
4395	1	46.000004	46.000004	46.000004	47.000004	40.67197	45.375004	2188000	2457000	1816000	647000	999000	7540512
4400	1	46.000004	45.000004	45.000004	46.000004	40.599766	44.373	2188000	2457000	1816000	647000	999000	7567780
4405	1	45.000004	44.000004	45.000004	45.000004	40.56472	43.7	2284000	2592000	2008000	740000	999000	7553036
4410	1	45.000004	45.000004	44.000004	45.000004	40.53108	43.193	2400000	2707000	2303000	833000	999000	7558900
4416	1	45.000004	44.000004	44.000004	45.000004	40.487804	42.853	2534000	2707000	2396000	963000	999000	7551920
4421	1	44.000004	43.000004	44.000004	45.000004	40.446255	42.479004	2534000	2707000	2396000	963000	999000	7555752
4426	1	44.000004	43.000004	44.000004	44.000004	40.293816	42.225002	2688000	2937000	2770000	1198000	999000	7550060
4431	1	44.000004	43.000004	43.000004	44.000004	40.147472	42.032	2841000	3168000	3277000	1345000	999000	7528752
4437	1	44.000004	42.000004	43.000004	44.000004	39.994785	41.886	2937000	3168000	3424000	1561000	999000	7534576
4442	1	44.000004	43.000004	44.000004	44.000004	39.848213	41.710003	2937000	3168000	3424000	1561000	999000	7576884
4447	1	43.000004	42.000004	43.000004	44.000004	39.712368	41.556004	3052000	3398000	3798000	1853000	999000	7574152
4453	1	44.000004	42.000004	43.000004	44.000004	39.581963	41.452003	3052000	3398000	3798000	1853000	999000	7544044
4458	1	44.000004	42.000004	43.000004	44.000004	39.51256	41.352	3052000	3782000	5471000	1853000	999000	7531740
4463	1	43.000004	42.000004	43.000004	44.000004	39.47092	41.233	3052000	3782000	5471000	1853000	999000	7507732
4469	1	43.000004	42.000004	43.000004	44.000004	39.39704	41.118004	3052000	3782000	5471000	1853000	999000	7483272
4474	1	44.000004	42.000004	43.000004	44.000004	39.32612	41.038002	3052000	3782000	5471000	1853000	999000	7482772
4479	1	43.000004	43.000004	43.000004	44.000004	39.25644	41.005	3052000	3782000	5471000	1853000	999000	7465912
4485	1	43.000004	42.000004	42.000004	43.000004	39.18955	40.942	3052000	3782000	5471000	1853000	999000	7551780
4490	1	43.000004	42.000004	43.000004	43.000004	39.11996	40.852	3052000	3782000	5471000	1853000	999000	7521164
4495	1	43.000004	42.000004	42.000004	43.000004	39.09491	40.792004	3052000	3782000	5471000	1853000	999000	7515164
4500	1	43.000004	41.000004	42.000004	43.000004	39.076416	40.683002	3052000	3782000	5471000	1853000	999000	7523736
4506	1	43.000004	41.000004	42.000004	43.000004	39.038845	40.608	3052000	3782000	5471000	1853000	999000	7523288
4511	1	43.000004	41.000004	42.000004	43.000004	39.00278	40.54	3052000	3782000	5471000	1853000	999000	7546224
4516	1	43.000004	41.000004	42.000004	43.000004	38.953648	40.480003	3052000	3782000	5471000	1853000	999000	7540280
4522	1	43.000004	41.000004	42.000004	43.000004	38.91943	40.422	3052000	3782000	5471000	1853000	999000	7543816
4527	1	42.000004	41.000004	42.000004	43.000004	38.898903	40.31	3052000	3782000	5471000	1853000	999000	7541708
4532	1	43.000004	41.000004	42.000004	43.000004	38.851673	40.27	3052000	3782000	5471000	1853000	999000	7566252
4538	1	42.000004	41.000004	42.000004	43.000004	38.84105	40.24	3052000	3782000	5471000	1853000	999000	7568668
4543	1	42.000004	42.000004	42.000004	43.000004	38.83085	40.189003	3052000	3782000	5471000	1853000	999000	7569736
4548	1	42.000004	41.000004	42.000004	43.000004	38.754845	40.085003	3052000	3782000	5471000	1853000	999000	7565924
4554	1	42.000004	41.000004	42.000004	42.000004	38.70969	40.018	3052000	3782000	5471000	1853000	999000	7569840
4559	1	43.000004	41.000004	42.000004	43.000004	38.666336	39.955	3052000	3782000	5471000	1853000	999000	7555748
4564	1	42.000004	41.000004	42.000004	42.000004	38.62775	39.956	3052000	3782000	5471000	1853000	999000	7545960
4569	1	42.000004	41.000004	42.000004	42.000004	38.575546	39.903004	3052000	3782000	5471000	1853000	999000	7539848
4575	1	42.000004	41.000004	41.000004	42.000004	38.547657	39.829002	3052000	3782000	5471000	1853000	999000	7547932
4580	1	42.000004	41.000004	41.000004	42.000004	38.490513	39.786003	3052000	3782000	5471000	1853000	999000	7523572
4585	1	42.000004	41.000004	41.000004	42.000004	38.45116	39.760002	3052000	3782000	5471000	1853000	999000	7555448
4591	1	42.000004	41.000004	41.000004	42.000004	38.425724	39.705	3052000	3782000	5471000	1853000	999000	7559320
4596	1	42.000004	40.0	41.000004	42.000004	38.396744	39.643	3052000	3782000	5471000	1853000	999000	7560532
4601	1	42.000004	41.000004	41.000004	42.000004	38.368923	39.622	3052000	3782000	5471000	1853000	999000	7523444
4607	1	42.000004	40.0	41.000004	42.000004	38.32141	39.579002	3052000	3782000	5471000	1853000	999000	7532020
4612	1	42.000004	40.0	42.000004	42.000004	38.30521	39.529003	3052000	3782000	5471000	1853000	999000	7517668
4617	1	42.000004	40.0	41.000004	42.000004	38.295486	39.460003	3052000	3782000	5471000	1853000	999000	7522516
4623	1	42.000004	41.000004	41.000004	42.000004	38.29663	39.482002	3052000	3782000	5471000	1853000	999000	7568200
4628	1	42.000004	41.000004	41.000004	42.000004	38.28418	39.459003	3052000	3782000	5471000	1853000	999000	7563532
4633	1	42.000004	40.0	41.000004	42.000004	38.2763	39.415	3052000	3782000	5471000	1853000	999000	7564036
4639	1	42.000004	41.000004	41.000004	42.000004	38.20821	39.352	3052000	3782000	5471000	1853000	999000	7562544
4644	1	41.000004	40.0	41.000004	42.000004	38.16736	39.286003	3052000	3782000	5471000	1853000	999000	7561448
4649	1	42.000004	40.0	41.000004	42.000004	38.09977	39.258003	3052000	3782000	5471000	1853000	999000	7529852
4655	1	43.000004	42.000004	43.000004	43.000004	38.069145	39.276	3052000	3782000	5471000	1853000	999000	7515440
4660	1	43.000004	43.000004	46.000004	44.000004	38.039745	39.762	3052000	3782000	5471000	1853000	999000	7327756
4665	1	43.000004	42.000004	45.000004	44.000004	37.9835	40.393	3052000	3782000	5471000	1853000	999000	7218520
4671	1	43.000004	42.000004	43.000004	44.000004	37.92951	40.513	3052000	3782000	5471000	1853000	999000	7261640
4676	1	43.000004	41.000004	42.000004	43.000004	37.86548	40.485	3052000	3782000	5471000	1853000	999000	7436536
4681	1	42.000004	41.000004	42.000004	42.000004	37.80401	40.196003	3052000	3782000	5471000	1853000	999000	7393264
4687	1	42.000004	41.000004	42.000004	42.000004	37.614735	39.916	3052000	3782000	5471000	1853000	999000	7401184
4692	1	42.000004	40.0	42.000004	42.000004	37.43303	39.712	3052000	3782000	5471000	1853000	999000	7375180
4697	1	42.000004	40.0	41.000004	42.000004	37.389503	39.566	3052000	3782000	5471000	1853000	999000	7392588
4702	1	42.000004	40.0	41.000004	42.000004	37.347713	39.440002	3052000	3782000	5471000	1853000	999000	7362800
4708	1	42.000004	41.000004	42.000004	42.000004	37.416183	39.368	3052000	3782000	5471000	1853000	999000	7472072
4713	1	42.000004	40.0	41.000004	42.000004	37.481915	39.419003	3052000	3782000	5471000	1853000	999000	7462508
4718	1	42.000004	40.0	41.000004	42.000004	37.5108	39.350002	3052000	3782000	5471000	1853000	999000	7510220
4724	1	41.000004	40.0	41.000004	42.000004	37.52813	39.280003	3052000	3782000	5471000	1853000	999000	7495248
4729	1	41.000004	40.0	41.000004	42.000004	37.57519	39.179	3052000	3782000	5471000	1853000	999000	7496696
4734	1	41.000004	41.000004	41.000004	41.000004	37.548615	39.092003	3052000	3782000	5471000	1853000	999000	7492240
4740	1	42.000004	40.0	41.000004	42.000004	37.542633	39.045002	3052000	3782000	5471000	1853000	999000	7492232
4745	1	41.000004	40.0	41.000004	41.000004	37.52941	39.013	3052000	3782000	5471000	1853000	999000	7511672
4750	1	41.000004	41.000004	41.000004	41.000004	37.523144	38.946003	3052000	3782000	5471000	1853000	999000	7500792
4756	1	41.000004	40.0	41.000004	41.000004	37.49861	38.875	3052000	3782000	5471000	1853000	999000	7494136
4761	1	41.000004	41.000004	40.0	41.000004	37.476418	38.809002	3052000	3782000	5471000	1853000	999000	7513188
4766	1	41.000004	40.0	41.000004	41.000004	37.462193	38.766003	3052000	3782000	5471000	1853000	999000	7517316
4771	1	41.000004	39.0	40.0	41.000004	37.448536	38.692	3052000	3782000	5471000	1853000	999000	7506564
4777	1	41.000004	39.0	40.0	41.000004	37.40831	38.648003	3052000	3782000	5471000	1853000	999000	7503812
4782	1	41.000004	40.0	40.0	41.000004	37.372475	38.668003	3052000	3782000	5471000	1853000	999000	7552584
4787	1	41.000004	39.0	40.0	41.000004	37.338074	38.675003	3052000	3782000	5471000	1853000	999000	7552716
4793	1	41.000004	39.0	40.0	41.000004	37.284374	38.618	3052000	3782000	5471000	1853000	999000	7550900
4798	1	42.000004	40.0	41.000004	41.000004	37.23282	38.609	3052000	3782000	5471000	1853000	999000	7543252
4803	1	41.000004	40.0	41.000004	41.000004	37.207745	38.698	3052000	3782000	5471000	1853000	999000	7483456
4808	1	41.000004	40.0	40.0	41.000004	37.183674	38.732002	3052000	3782000	5471000	1853000	999000	7480340
4814	1	41.000004	39.0	40.0	41.000004	37.196136	38.698	3052000	3782000	5471000	1853000	999000	7482416
4819	1	41.000004	39.0	40.0	41.000004	37.208096	38.552002	3052000	3782000	5471000	1853000	999000	7479052
4824	1	41.000004	39.0	40.0	41.000004	37.152824	38.462	3052000	3782000	5471000	1853000	999000	7479072
4830	1	41.000004	39.0	40.0	41.000004	37.053356	38.409	3052000	3782000	5471000	1853000	999000	7451572
4835	0	41.000004	40.0	40.0	41.000004	36.993168	38.699	3052000	3782000	5471000	1853000	999000	7423672
4841	0	41.000004	40.0	41.000004	42.000004	36.935387	38.795002	3052000	3782000	5471000	1853000	999000	7461076
4846	0	43.000004	42.000004	44.000004	45.000004	36.91151	39.263	3052000	3782000	5471000	1853000	999000	7358508
4851	0	44.000004	43.000004	46.000004	46.000004	36.85713	39.652	3052000	3782000	5471000	1853000	999000	7208352
4856	0	56.000004	49.000004	49.000004	48.000004	36.827717	40.175003	3052000	3782000	5471000	1853000	999000	7089424
4861	0	51.000004	48.000004	48.000004	48.000004	36.671425	41.608	3052000	3782000	5471000	1853000	999000	6994824
4867	0	50.000004	48.000004	49.000004	48.000004	36.63626	42.423	3052000	3782000	5471000	1853000	999000	7013016
4872	0	61.000004	54.000004	52.000004	50.000004	36.594303	43.500004	3052000	3782000	5471000	1853000	999000	6958584
4877	0	57.000004	56.000004	56.000004	52.000004	36.663475	43.948	3052000	3782000	5471000	1853000	999000	6636392
4883	0	65.0	56.000004	54.000004	54.000004	36.729877	44.516003	3052000	3782000	5471000	1853000	999000	5884356
4888	0	66.0	57.000004	55.000004	54.000004	36.73526	44.892002	3052000	3782000	5471000	1853000	999000	5206152
4893	0	67.0	57.000004	55.000004	55.000004	37.11403	45.413002	3052000	3782000	5471000	1853000	999000	4559228
4898	0	60.000004	59.000004	60.000004	56.000004	37.23004	45.679	3052000	3782000	5471000	1853000	999000	4086368
4903	0	61.000004	60.000004	60.000004	55.000004	37.501297	45.816	3052000	3782000	5471000	1853000	999000	3936184
4909	0	62.000004	61.000004	61.000004	56.000004	37.56233	45.819004	3052000	3782000	5471000	1853000	999000	3555092
4914	0	60.000004	58.000004	59.000004	55.000004	37.665005	45.866	3052000	3782000	5471000	1853000	999000	3223372
4919	0	65.0	62.000004	60.000004	59.000004	37.824703	45.943	3052000	3782000	5471000	1853000	999000	2869860
4924	0	62.000004	56.000004	55.000004	56.000004	37.97801	46.433002	3052000	3398000	3798000	1853000	999000	2281348
4929	0	63.000004	57.000004	60.000004	56.000004	38.06306	46.412003	3052000	3398000	3798000	1853000	999000	1727484
4935	0	74.0	74.0	84.00001	69.0	38.144714	46.822002	3052000	3398000	3798000	1853000	999000	1631092
4940	0	83.00001	82.00001	90.00001	74.0	38.216698	48.639004	3052000	3398000	3798000	1853000	999000	2409296
4945	0	86.00001	85.00001	91.00001	75.0	38.285805	52.576004	2937000	3168000	3424000	1561000	867000	3148932
4950	0	85.00001	82.00001	90.00001	76.0	38.620064	54.664	2841000	3168000	3277000	1345000	609000	3210660
4956	0	84.00001	81.00001	89.00001	76.0	38.92185	55.962	2841000	3168000	3277000	1345000	609000	3217408
4961	0	80.0	79.0	84.00001	73.0	39.21156	56.547	2688000	2937000	2770000	1198000	489000	3167668
4966	1	78.0	75.0	80.0	71.0	39.84647	56.569004	2534000	2707000	2396000	963000	403000	3134352
4972	1	77.0	75.0	80.0	70.0	40.25577	56.331	2400000	2707000	2303000	833000	369000	3155976
4977	1	74.0	73.0	77.0	69.0	40.415638	55.854004	2400000	2707000	2303000	833000	369000	3152924
4982	1	73.0	71.0	74.0	67.0	40.658215	55.244003	2284000	2592000	2008000	740000	318000	3245128
4987	1	71.0	68.0	71.0	65.0	40.891087	54.487003	2188000	2457000	1816000	647000	279000	3238752
4992	1	66.0	64.0	67.0	63.000004	40.999172	53.678	2092000	2342000	1655000	585000	279000	3214940
4998	1	64.0	64.0	66.0	62.000004	41.064026	52.486004	2092000	2342000	1655000	585000	279000	3206224
5003	1	62.000004	61.000004	63.000004	60.000004	41.054516	51.551003	1939000	2208000	1462000	535000	279000	3179460
5008	1	61.000004	60.000004	62.000004	59.000004	41.04539	50.583004	1862000	2208000	1462000	480000	318000	3176684
5014	1	59.000004	58.000004	60.000004	58.000004	40.97559	49.939003	1785000	2208000	1462000	388000	369000	3167100
5019	1	60.000004	59.000004	61.000004	58.000004	40.933704	49.329002	1785000	2208000	1462000	388000	369000	3173192
5024	1	59.000004	58.000004	59.000004	57.000004	40.6949	48.888	1785000	2208000	1462000	388000	403000	3225404
5029	1	59.000004	58.000004	60.000004	57.000004	40.495922	48.566	1785000	2208000	1462000	388000	489000	3186976
5035	1	59.000004	58.000004	60.000004	57.000004	40.408775	48.442	1785000	2208000	1462000	388000	609000	3196544
5040	1	59.000004	58.000004	59.000004	57.000004	40.297535	48.322002	1785000	2208000	1462000	388000	609000	3199848
5046	1	59.000004	58.000004	59.000004	57.000004	40.160633	48.235	1785000	2208000	1462000	388000	609000	3198184
5051	1	60.000004	60.000004	61.000004	57.000004	40.09329	48.149002	1785000	2208000	1462000	388000	609000	3175528
5056	1	58.000004	58.000004	59.000004	56.000004	40.06515	48.112003	1785000	2208000	1462000	388000	867000	3164740
5062	1	59.000004	58.000004	59.000004	56.000004	40.03814	48.023003	1785000	2208000	1462000	388000	867000	3195972
5067	1	59.000004	57.000004	59.000004	56.000004	40.027912	47.968002	1785000	2208000	1462000	388000	867000	3193724
5072	1	59.000004	58.000004	59.000004	56.000004	40.018093	47.926003	1785000	2208000	1462000	388000	999000	3194240
5078	1	59.000004	58.000004	60.000004	56.000004	40.01259	47.896004	1862000	2208000	1462000	480000	999000	3188452
5083	1	59.000004	58.000004	59.000004	56.000004	40.001102	47.910004	1939000	2208000	1462000	535000	999000	3170608
5088	1	59.000004	58.000004	60.000004	56.000004	39.997383	47.913002	1939000	2208000	1462000	535000	999000	3172764
5094	1	60.000004	59.000004	60.000004	57.000004	39.982132	47.932003	1939000	2208000	1462000	535000	999000	3165836
5099	1	60.000004	59.000004	61.000004	57.000004	39.9787	48.138	1939000	2208000	1462000	535000	999000	3169208
5105	1	59.000004	58.000004	60.000004	57.000004	39.97633	48.272003	1939000	2208000	1462000	535000	999000	3163308
5110	1	59.000004	59.000004	61.000004	57.000004	39.988106	48.225002	1939000	2208000	1462000	535000	999000	3154712
5115	1	60.000004	59.000004	61.000004	57.000004	39.999416	48.169003	1939000	2208000	1462000	535000	999000	3152296
5120	1	59.000004	58.000004	60.000004	57.000004	40.020355	48.108	1939000	2208000	1462000	535000	999000	3233404
5126	1	59.000004	58.000004	60.000004	57.000004	40.040604	48.103	1939000	2208000	1462000	535000	999000	3229328
5131	1	59.000004	59.000004	61.000004	57.000004	40.06004	48.099003	1939000	2208000	1462000	535000	999000	3231220
5136	1	59.000004	59.000004	60.000004	56.000004	40.073875	48.128002	1939000	2208000	1462000	535000	999000	3264064
5142	1	59.000004	59.000004	61.000004	57.000004	40.087166	48.135002	1939000	2208000	1462000	535000	999000	3154428
5147	1	60.000004	60.000004	62.000004	59.000004	40.117332	48.268	2092000	2208000	1462000	585000	999000	3219400
5152	1	60.000004	60.000004	62.000004	58.000004	40.146297	48.532	2092000	2208000	1462000	585000	999000	3153488
5158	1	60.000004	61.000004	63.000004	59.000004	40.200134	48.680004	2092000	2208000	1462000	585000	999000	3153724
5163	1	61.000004	61.000004	64.0	60.000004	40.251816	48.802002	2092000	2208000	1462000	585000	999000	3018660
5168	1	61.000004	61.000004	64.0	59.000004	40.2704	48.902	2188000	2208000	1462000	647000	999000	3101572
5173	1	61.000004	62.000004	64.0	59.000004	40.28155	49.065002	2188000	2208000	1462000	647000	999000	3144772
5178	1	61.000004	61.000004	63.000004	59.000004	40.288673	49.219	2092000	2208000	1462000	585000	999000	2992280
5183	1	60.000004	61.000004	63.000004	59.000004	40.371696	49.232002	1939000	2208000	1462000	535000	999000	3071436
5189	1	60.000004	61.000004	63.000004	59.000004	40.40397	49.196003	2092000	2208000	1462000	585000	999000	3050716
5194	1	62.000004	61.000004	64.0	59.000004	40.423332	49.215004	2092000	2208000	1462000	585000	999000	3087944
5199	1	61.000004	62.000004	64.0	59.000004	40.481007	49.239002	2092000	2208000	1462000	585000	999000	3143984
5204	1	60.000004	60.000004	62.000004	58.000004	40.53637	49.278004	2092000	2208000	1462000	585000	999000	3090660
5210	1	60.000004	60.000004	63.000004	58.000004	40.548134	49.149002	2188000	2208000	1462000	647000	999000	3102124
5215	1	61.000004	60.000004	63.000004	58.000004	40.555195	49.008003	2188000	2208000	1462000	647000	999000	3097400
5220	1	54.000004	53.000004	54.000004	55.000004	40.481613	48.966003	2284000	2208000	1462000	740000	999000	3077584
5225	1	52.000004	50.000004	51.000004	52.000004	40.465057	48.443	2284000	2208000	1462000	740000	999000	4845744
5231	1	50.000004	49.000004	51.000004	50.000004	40.48536	46.899002	2400000	2208000	1462000	833000	999000	7563632
5236	1	47.000004	46.000004	47.000004	48.000004	40.463936	45.996002	2400000	2208000	1462000	833000	999000	7554404
5242	1	46.000004	44.000004	45.000004	46.000004	40.44337	44.608	2534000	2342000	1655000	963000	999000	7551184
5247	1	46.000004	44.000004	45.000004	46.000004	40.361683	43.766003	2688000	2457000	1816000	1198000	999000	7553020
5252	1	45.000004	44.000004	45.000004	45.000004	40.397953	43.329002	2841000	2592000	2008000	1345000	999000	7539468
5258	1	45.000004	43.000004	44.000004	45.000004	40.419712	42.97	2841000	2592000	2008000	1345000	999000	7548776
5263	1	44.000004	44.000004	44.000004	44.000004	40.355183	42.492	2937000	2707000	2303000	1561000	999000	7542404
5269	1	44.000004	43.000004	44.000004	44.000004	40.280697	42.113003	3052000	2707000	2396000	1853000	999000	7536204
5274	1	44.000004	42.000004	43.000004	44.000004	40.12198	41.902	3052000	2937000	2770000	1853000	999000	7534684
5279	1	44.000004	43.000004	43.000004	44.000004	39.969604	41.635002	3052000	2937000	2770000	1853000	999000	7539736
5285	1	44.000004	42.000004	43.000004	44.000004	39.851006	41.502003	3052000	3168000	3277000	1853000	999000	7541308
5290	1	44.000004	42.000004	43.000004	44.000004	39.737152	41.362003	3052000	3168000	3424000	1853000	999000	7575396
5296	1	43.000004	42.000004	43.000004	44.000004	39.6479	41.275	3052000	3398000	3798000	1853000	999000	7572756
5301	1	43.000004	42.000004	43.000004	43.000004	39.562225	41.129	3052000	3398000	3798000	1853000	999000	7541756
5306	1	43.000004	42.000004	42.000004	43.000004	39.45583	41.019	3052000	3398000	3798000	1853000	999000	7543688
5312	1	43.000004	42.000004	43.000004	43.000004	39.35369	40.935	3052000	3782000	5471000	1853000	999000	7586696
5317	1	43.000004	43.000004	43.000004	43.000004	39.297337	40.888	3052000	3782000	5471000	1853000	999000	7582324
5322	1	43.000004	41.000004	42.000004	43.000004	39.243244	40.785004	3052000	3782000	5471000	1853000	999000	7556332
5328	1	43.000004	41.000004	42.000004	43.000004	39.205864	40.676003	3052000	3782000	5471000	1853000	999000	7561776
5333	1	43.000004	41.000004	42.000004	43.000004	39.104923	40.585003	3052000	3782000	5471000	1853000	999000	7561316
5339	1	43.000004	42.000004	42.000004	43.000004	39.00802	40.483	3052000	3782000	5471000	1853000	999000	7551860
5344	1	43.000004	41.000004	42.000004	43.000004	38.937397	40.445004	3052000	3782000	5471000	1853000	999000	7541324
5349	1	43.000004	41.000004	42.000004	43.000004	38.895027	40.366	3052000	3782000	5471000	1853000	999000	7523776
5355	1	43.000004	42.000004	43.000004	43.000004	38.880722	40.362003	3052000	3782000	5471000	1853000	999000	7493664
5360	1	42.000004	41.000004	42.000004	43.000004	38.84933	40.279003	3052000	3782000	5471000	1853000	999000	7570804
5365	1	42.000004	41.000004	42.000004	43.000004	38.832428	40.208	3052000	3782000	5471000	1853000	999000	7606872
5371	1	42.000004	41.000004	42.000004	43.000004	38.78366	40.135002	3052000	3782000	5471000	1853000	999000	7583284
5376	1	42.000004	42.000004	42.000004	42.000004	38.74029	40.069	3052000	3782000	5471000	1853000	999000	7579988
5381	1	42.000004	41.000004	42.000004	43.000004	38.72675	40.006	3052000	3782000	5471000	1853000	999000	7578388
5387	1	42.000004	41.000004	41.000004	42.000004	38.683094	39.946003	3052000	3782000	5471000	1853000	999000	7568832
5392	1	42.000004	42.000004	42.000004	43.000004	38.64119	39.895	3052000	3782000	5471000	1853000	999000	7541556
5397	1	42.000004	41.000004	41.000004	42.000004	38.609135	39.852	3052000	3782000	5471000	1853000	999000	7538124
5403	1	42.000004	41.000004	42.000004	42.000004	38.57836	39.785004	3052000	3782000	5471000	1853000	999000	7568052
5408	1	42.000004	41.000004	42.000004	42.000004	38.578453	39.786003	3052000	3782000	5471000	1853000	999000	7563352
5413	1	42.000004	41.000004	41.000004	42.000004	38.578545	39.736	3052000	3782000	5471000	1853000	999000	7558716
5419	1	42.000004	42.000004	41.000004	42.000004	38.458412	39.653004	3052000	3782000	5471000	1853000	999000	7559856
5424	1	42.000004	40.0	41.000004	42.000004	38.392883	39.648003	3052000	3782000	5471000	1853000	999000	7580104
5430	1	42.000004	40.0	41.000004	42.000004	38.369785	39.61	3052000	3782000	5471000	1853000	999000	7577188
5435	1	42.000004	40.0	41.000004	42.000004	38.347507	39.525	3052000	3782000	5471000	1853000	999000	7576120
5440	1	42.000004	41.000004	41.000004	42.000004	38.334137	39.473003	3052000	3782000	5471000	1853000	999000	7557828
5446	1	42.000004	40.0	41.000004	42.000004	38.253883	39.453003	3052000	3782000	5471000	1853000	999000	7552488
5451	1	42.000004	40.0	41.000004	42.000004	38.18168	39.386	3052000	3782000	5471000	1853000	999000	7607072
5456	1	41.000004	41.000004	41.000004	42.000004	38.14919	39.353	3052000	3782000	5471000	1853000	999000	7608516
5462	1	42.000004	41.000004	41.000004	42.000004	38.136566	39.299004	3052000	3782000	5471000	1853000	999000	7586872
5467	1	42.000004	41.000004	41.000004	42.000004	38.13372	39.282	3052000	3782000	5471000	1853000	999000	7579084
5473	1	42.000004	40.0	41.000004	42.000004	38.17613	39.216003	3052000	3782000	5471000	1853000	999000	7577032
5478	1	42.000004	40.0	41.000004	41.000004	38.12711	39.168003	3052000	3782000	5471000	1853000	999000	7570276
5483	1	41.000004	40.0	41.000004	42.000004	38.05633	39.092003	3052000	3782000	5471000	1853000	999000	7571220
5489	1	41.000004	40.0	41.000004	41.000004	38.016605	39.035004	3052000	3782000	5471000	1853000	999000	7569652
5494	1	41.000004	40.0	41.000004	42.000004	37.969254	39.026	3052000	3782000	5471000	1853000	999000	7544040
5499	1	41.000004	40.0	41.000004	42.000004	37.923706	38.976	3052000	3782000	5471000	1853000	999000	7577388
5505	1	41.000004	41.000004	41.000004	41.000004	37.890213	38.929	3052000	3782000	5471000	1853000	999000	7573064
5510	1	42.000004	40.0	41.000004	42.000004	37.851955	38.893	3052000	3782000	5471000	1853000	999000	7612232
5516	1	41.000004	40.0	41.000004	41.000004	37.82399	38.906002	3052000	3782000	5471000	1853000	999000	7613220
5521	1	41.000004	40.0	41.000004	41.000004	37.80541	38.865	3052000	3782000	5471000	1853000	999000	7612028
5526	1	41.000004	41.000004	41.000004	41.000004	37.76982	38.806004	3052000	3782000	5471000	1853000	999000	7614692
5532	1	41.000004	40.0	41.000004	41.000004	37.73566	38.778004	3052000	3782000	5471000	1853000	999000	7582860
5537	1	41.000004	40.0	41.000004	41.000004	37.657417	38.748	3052000	3782000	5471000	1853000	999000	7583512
5542	1	41.000004	40.0	40.0	41.000004	37.582302	38.735	3052000	3782000	5471000	1853000	999000	7550812
5548	1	41.000004	40.0	40.0	41.000004	37.524117	38.715	3052000	3782000	5471000	1853000	999000	7543024
5553	1	41.000004	41.000004	40.0	41.000004	37.489204	38.659	3052000	3782000	5471000	1853000	999000	7549800
5558	1	41.000004	40.0	41.000004	42.000004	37.43158	38.689003	3052000	3782000	5471000	1853000	999000	7519068
5564	1	41.000004	40.0	40.0	41.000004	37.37626	38.856003	3052000	3782000	5471000	1853000	999000	7490104
5569	1	41.000004	40.0	40.0	41.000004	37.344666	38.793003	3052000	3782000	5471000	1853000	999000	7537068
5575	1	41.000004	39.0	40.0	41.000004	37.325706	38.682003	3052000	3782000	5471000	1853000	999000	7533208
5580	1	41.000004	40.0	40.0	41.000004	37.29202	38.613003	3052000	3782000	5471000	1853000	999000	7586172
5585	1	41.000004	39.0	40.0	41.000004	37.259678	38.636	3052000	3782000	5471000	1853000	999000	7564940
5591	1	41.000004	39.0	40.0	41.000004	37.22666	38.595	3052000	3782000	5471000	1853000	999000	7561884
5596	1	40.0	39.0	40.0	41.000004	37.1954	38.475002	3052000	3782000	5471000	1853000	999000	7565544
5601	1	41.000004	41.000004	40.0	41.000004	37.184406	38.405003	3052000	3782000	5471000	1853000	999000	7535312
5607	1	41.000004	39.0	40.0	41.000004	37.15138	38.378002	3052000	3782000	5471000	1853000	999000	7528760
5612	1	40.0	39.0	40.0	41.000004	37.14434	38.329002	3052000	3782000	5471000	1853000	999000	7538128
5618	1	40.0	39.0	41.000004	41.000004	37.14458	38.260002	3052000	3782000	5471000	1853000	999000	7535904
5623	1	40.0	39.0	40.0	41.000004	37.11105	38.219	3052000	3782000	5471000	1853000	999000	7526144
5628	0	41.000004	39.0	40.0	41.000004	37.07886	38.212	3052000	3782000	5471000	1853000	999000	7561612
5634	0	41.000004	39.0	40.0	41.000004	37.03623	38.238003	3052000	3782000	5471000	1853000	999000	7526864
5639	0	52.000004	46.000004	51.000004	44.000004	36.9953	38.343002	3052000	3782000	5471000	1853000	999000	7497192
5644	0	43.000004	42.000004	44.000004	45.000004	36.895035	39.009003	3052000	3782000	5471000	1853000	999000	7408848
5649	0	55.000004	50.000004	46.000004	46.000004	36.820812	39.286003	3052000	3782000	5471000	1853000	999000	7228820
5655	0	60.000004	51.000004	49.000004	49.000004	36.771217	39.929	3052000	3782000	5471000	1853000	999000	7047184
5660	0	49.000004	48.000004	49.000004	48.000004	36.61945	41.182003	3052000	3782000	5471000	1853000	999000	6996152
5665	0	50.000004	48.000004	48.000004	48.000004	36.52839	42.49	3052000	3782000	5471000	1853000	999000	6915260
5670	0	48.000004	48.000004	62.000004	48.000004	36.449047	43.216003	3052000	3782000	5471000	1853000	999000	6912492
5675	0	60.000004	57.000004	59.000004	53.000004	36.40019	43.549004	3052000	3782000	5471000	1853000	999000	6457192
5681	0	66.0	56.000004	55.000004	54.000004	36.370876	44.096	3052000	3782000	5471000	1853000	999000	5572028
5686	0	65.0	56.000004	55.000004	54.000004	36.441963	44.893	3052000	3782000	5471000	1853000	999000	4904160
5692	0	66.0	56.000004	55.000004	54.000004	36.68718	45.273003	3052000	3782000	5471000	1853000	999000	4430428
5697	0	58.000004	57.000004	57.000004	54.000004	36.85611	45.376003	3052000	3782000	5471000	1853000	999000	4021984
5702	0	59.000004	56.000004	58.000004	54.000004	37.135323	45.392002	3052000	3782000	5471000	1853000	999000	3693292
5708	0	59.000004	56.000004	58.000004	54.000004	37.242035	45.338	3052000	3782000	5471000	1853000	999000	3353720
5713	0	61.000004	59.000004	60.000004	54.000004	37.490643	45.358	3052000	3782000	5471000	1853000	999000	2959136
5718	0	62.000004	59.000004	58.000004	55.000004	37.54658	45.539	3052000	3782000	5471000	1853000	999000	2662240
5723	0	71.0	62.000004	60.000004	58.000004	37.678375	46.206	3052000	3782000	5471000	1853000	999000	2122784
5728	0	63.000004	56.000004	56.000004	55.000004	37.77848	46.56	3052000	3398000	3798000	1853000	999000	1572900
5734	0	85.00001	83.00001	89.00001	72.0	37.874588	47.596	3052000	3398000	3798000	1853000	999000	1718212
5739	0	84.00001	84.00001	89.00001	76.0	37.933693	49.803	3052000	3398000	3798000	1853000	999000	2508036
5745	0	84.00001	84.00001	90.00001	77.0	38.150158	53.977	3052000	3168000	3424000	1853000	999000	3081696
5750	0	84.00001	84.00001	89.00001	78.0	38.25876	55.618004	2937000	3168000	3277000	1561000	867000	3061832
5755	0	84.00001	84.00001	90.00001	77.0	38.778973	56.918003	2841000	2937000	2770000	1345000	609000	3059992
5760	1	84.00001	83.00001	88.00001	77.0	39.219463	57.418003	2688000	2707000	2396000	1198000	489000	2990824
5766	1	81.00001	81.00001	86.00001	75.0	39.483757	58.001003	2688000	2707000	2396000	1198000	489000	2974584
5771	1	80.0	79.0	83.00001	74.0	39.99421	58.025	2534000	2707000	2303000	963000	403000	3036960
5777	1	76.0	75.0	78.0	71.0	40.616825	57.587	2400000	2592000	2008000	833000	369000	3102260
5782	1	73.0	72.0	75.0	68.0	40.920517	56.738003	2284000	2457000	1816000	740000	318000	3149444
5788	1	70.0	70.0	73.0	66.0	41.114548	55.689003	2284000	2457000	1816000	740000	318000	3140528
5793	1	67.0	66.0	69.0	64.0	41.300816	54.393	2188000	2342000	1655000	647000	318000	3111992
5799	1	65.0	64.0	67.0	62.000004	41.368034	53.214	2092000	2208000	1462000	585000	318000	3113016
5805	1	62.000004	62.000004	64.0	61.000004	41.432568	52.151	1939000	2208000	1462000	535000	318000	3088324
5810	1	62.000004	62.000004	63.000004	60.000004	41.344807	51.416004	1785000	2208000	1462000	388000	369000	3097252
5816	1	60.000004	60.000004	62.000004	59.000004	41.159298	50.398003	1785000	2208000	1462000	388000	369000	3099508
5821	1	59.000004	60.000004	62.000004	59.000004	41.047993	49.919003	1670000	2208000	1462000	334000	403000	3132032
5827	1	61.000004	60.000004	62.000004	58.000004	40.79042	49.469	1785000	2208000	1462000	388000	403000	3126840
5832	1	60.000004	60.000004	62.000004	60.000004	40.642597	49.385002	1785000	2208000	1462000	388000	489000	3088648
5837	1	60.000004	60.000004	62.000004	59.000004	40.588673	49.345	1785000	2208000	1462000	388000	489000	3079720
5843	1	60.000004	60.000004	62.000004	60.000004	40.470387	49.225002	1785000	2208000	1462000	388000	489000	3104208
5848	1	60.000004	60.000004	62.000004	59.000004	40.41431	49.122	1785000	2208000	1462000	388000	489000	3116292
5853	1	60.000004	60.000004	62.000004	59.000004	40.360477	49.010002	1785000	2208000	1462000	388000	609000	3077608
5859	1	61.000004	61.000004	62.000004	59.000004	40.345924	48.958004	1785000	2208000	1462000	388000	609000	3077332
5864	1	60.000004	61.000004	62.000004	59.000004	40.33719	48.913002	1785000	2208000	1462000	388000	609000	3077368
5869	1	60.000004	60.000004	62.000004	59.000004	40.289852	48.892002	1785000	2208000	1462000	388000	609000	3070952
5875	1	60.000004	60.000004	62.000004	59.000004	40.257774	48.898003	1785000	2208000	1462000	388000	609000	3128096
5880	1	61.000004	61.000004	63.000004	60.000004	40.2572	48.889004	1785000	2208000	1462000	388000	867000	3122420
5886	1	60.000004	60.000004	62.000004	59.000004	40.256855	48.870003	1785000	2208000	1462000	388000	867000	3115100
5891	1	61.000004	60.000004	62.000004	58.000004	40.274555	48.846	1785000	2208000	1462000	388000	867000	3099744
5897	1	61.000004	60.000004	62.000004	58.000004	40.28661	48.915	1785000	2208000	1462000	388000	867000	3099572
5902	1	60.000004	60.000004	62.000004	59.000004	40.287987	48.889004	1785000	2208000	1462000	388000	999000	3109252
5908	1	61.000004	60.000004	62.000004	59.000004	40.279472	48.865	1785000	2208000	1462000	388000	999000	3114856
5913	1	60.000004	60.000004	62.000004	58.000004	40.271294	48.850002	1785000	2208000	1462000	388000	999000	3123300
5919	1	61.000004	61.000004	62.000004	59.000004	40.27955	48.853	1785000	2208000	1462000	388000	999000	3117980
5924	1	61.000004	60.000004	62.000004	58.000004	40.28747	48.868004	1785000	2208000	1462000	388000	999000	3117104
5930	1	61.000004	60.000004	62.000004	58.000004	40.301105	48.876003	1785000	2208000	1462000	388000	999000	3109748
5935	1	60.000004	59.000004	62.000004	58.000004	40.309288	48.819004	1785000	2208000	1462000	388000	999000	3113720
5940	1	61.000004	60.000004	62.000004	58.000004	40.31328	48.788002	1785000	2208000	1462000	388000	999000	3102084
5946	1	60.000004	60.000004	62.000004	58.000004	40.317112	48.79	1785000	2208000	1462000	388000	999000	3111188
5951	1	60.000004	60.000004	62.000004	58.000004	40.314934	48.798004	1785000	2208000	1462000	388000	999000	3100216
5957	1	60.000004	60.000004	61.000004	58.000004	40.32978	48.798004	1785000	2208000	1462000	388000	999000	3093724
5962	1	60.000004	59.000004	61.000004	58.000004	40.34403	48.772003	1785000	2208000	1462000	388000	999000	3088220
5968	1	60.000004	60.000004	62.000004	58.000004	40.36171	48.759003	1785000	2208000	1462000	388000	999000	3091892
5973	1	60.000004	60.000004	62.000004	58.000004	40.378677	48.772003	1785000	2208000	1462000	388000	999000	3089644
5979	1	60.000004	60.000004	62.000004	58.000004	40.38359	48.782	1785000	2208000	1462000	388000	999000	3149508
5984	1	60.000004	61.000004	62.000004	60.000004	40.388306	48.835003	1785000	2208000	1462000	388000	999000	3124768
5989	1	60.000004	60.000004	62.000004	59.000004	40.355507	48.908	1785000	2208000	1462000	388000	999000	3119136
5995	1	60.000004	60.000004	62.000004	59.000004	40.363117	48.888	1785000	2208000	1462000	388000	999000	3117436
6000	1	60.000004	60.000004	62.000004	58.000004	40.385826	48.862003	1785000	2208000	1462000	388000	999000	3126880
6006	1	61.000004	60.000004	62.000004	59.000004	40.399452	48.856003	1785000	2208000	1462000	388000	999000	3095824
6011	1	60.000004	60.000004	62.000004	59.000004	40.428703	48.863003	1785000	2208000	1462000	388000	999000	3068152
6016	1	53.000004	52.000004	53.000004	53.000004	40.45679	48.760002	1785000	2208000	1462000	388000	999000	3236852
